facility_id,facility_level,publicprivate,ruralurban,transport_central_a,transport_central_hr,transport_central_mn,has_sharps,vaccine_store2,provider_present1,provider_male1,provider_post1,provider_cadre1,provider_educ1,provider_mededuc1,num_staff,num_med,num_nonmed,has_roster,salary_delay,med_staff_ratio,prop_present,readiness_score
1,3.0,1,3,1,2,30,2.0,0.0,1.0,0.3333333333333333,1,4,2.0,2.333333333333333,1,1,1,1,0.0,1.0,1.0,35.0
10,2.0,1,2,1,3,0,2.0,0.0,0.9,0.4,5,4,2.0,2.1,2,2,1,1,0.0,1.0,0.9,6.0
100,2.0,1,1,1,1,30,2.0,1.0,0.1818181818181818,0.1818181818181818,5,4,2.0,2.272727272727273,2,2,1,1,0.6666666666666666,1.0,0.1818181818181818,35.0
101,3.0,3,1,1,2,0,2.0,1.0,0.5,0.125,5,4,1.0,2.125,2,2,1,1,0.0,1.0,0.5,6.0
102,3.0,5,2,4,0,15,2.0,1.0,0.5384615384615384,0.2307692307692307,5,3,2.0,2.230769230769231,2,2,2,1,0.8,1.0,0.5384615384615384,22.0
103,3.0,1,1,1,1,30,2.0,1.0,1.0,0.3333333333333333,5,4,2.0,2.333333333333333,1,1,0,1,1.0,1.0,1.0,35.0
104,3.0,1,1,1,1,30,2.0,1.0,0.6,0.4,5,4,1.0,2.2,1,1,0,1,0.5,1.0,0.6,35.0
105,3.0,1,3,1,0,45,2.0,0.0,1.0,0.4,5,4,2.0,2.2,2,1,1,1,1.0,0.5,1.0,48.0
106,2.0,1,2,1,0,30,2.0,1.0,0.5185185185185185,0.1851851851851851,5,4,2.0,2.259259259259259,3,3,1,1,0.6666666666666666,1.0,0.5185185185185185,34.0
107,3.0,1,2,1,0,30,2.0,1.0,0.75,0.25,5,4,2.0,2.25,1,1,1,1,0.6666666666666666,1.0,0.75,34.0
108,3.0,3,2,2,0,10,2.0,1.0,0.5,0.21875,5,4,2.0,2.9375,3,3,2,1,0.6666666666666666,1.0,0.5,15.0
11,3.0,1,1,1,2,0,2.0,0.0,1.0,0.5,1,2,1.0,1.5,2,1,1,1,1.0,0.5,1.0,5.0
110,3.0,1,1,1,4,0,2.0,1.0,0.625,0.25,5,4,1.0,2.125,2,2,0,1,0.6,1.0,0.625,8.0
111,3.0,1,1,1,3,0,2.0,1.0,1.0,0.25,5,4,2.0,2.25,1,1,0,1,0.25,1.0,1.0,7.0
112,3.0,1,1,1,4,0,2.0,1.0,0.6666666666666666,0.3333333333333333,5,4,2.0,2.333333333333333,1,1,0,1,0.3333333333333333,1.0,0.6666666666666666,8.0
113,3.0,1,1,1,5,0,2.0,1.0,0.6,0.2,5,4,2.0,2.2,1,1,0,1,0.6666666666666666,1.0,0.6,9.0
114,3.0,1,1,1,0,15,2.0,1.0,1.0,0.3333333333333333,5,2,1.0,2.333333333333333,1,1,1,1,1.0,1.0,1.0,19.0
115,2.0,1,3,1,2,0,2.0,1.0,0.4285714285714285,0.3571428571428571,5,3,2.0,2.357142857142857,3,2,2,1,1.0,0.6666666666666666,0.4285714285714285,6.0
116,3.0,1,1,1,3,0,2.0,1.0,0.1666666666666666,0.3333333333333333,5,2,2.0,2.333333333333333,2,2,0,1,0.0,1.0,0.1666666666666666,7.0
117,1.0,3,1,1,0,45,2.0,1.0,0.5319148936170213,0.6170212765957447,5,3,2.0,2.25531914893617,4,3,2,1,0.5,0.75,0.5319148936170213,49.0
118,3.0,3,1,1,2,30,2.0,1.0,0.75,0.0,5,4,2.0,2.25,1,1,0,1,0.75,1.0,0.75,36.0
12,3.0,1,1,1,3,0,2.0,0.0,1.0,0.5,1,2,2.0,2.0,1,1,1,1,1.0,1.0,1.0,6.0
121,3.0,1,1,1,6,0,2.0,1.0,1.0,0.5,4,2,1.0,2.5,1,1,0,1,1.0,1.0,1.0,10.0
122,3.0,1,1,1,0,20,2.0,1.0,0.6666666666666666,0.0,5,2,2.0,2.333333333333333,1,1,0,1,1.0,1.0,0.6666666666666666,24.0
123,3.0,2,1,1,7,0,2.0,1.0,0.5,0.5,4,1,1.0,2.5,1,1,0,1,1.0,1.0,0.5,11.0
124,3.0,1,3,2,1,30,2.0,1.0,0.5,0.5,4,2,2.0,2.5,1,1,0,1,1.0,1.0,0.5,36.0
125,3.0,1,1,2,1,30,2.0,1.0,1.0,0.0,5,2,2.0,2.333333333333333,1,1,0,1,1.0,1.0,1.0,36.0
126,3.0,1,1,1,6,0,2.0,0.0,1.0,0.0,5,4,1.0,2.333333333333333,1,1,0,1,1.0,1.0,1.0,9.0
128,3.0,1,1,2,2,0,2.0,1.0,0.4,0.2,5,2,2.0,2.4,1,1,0,1,0.75,1.0,0.4,7.0
129,3.0,1,1,1,2,0,2.0,0.0,0.5,0.25,5,3,1.0,2.25,2,2,1,1,1.0,1.0,0.5,5.0
13,3.0,1,3,1,0,30,2.0,0.0,0.5,0.5,1,2,2.0,2.0,1,1,1,1,0.0,1.0,0.5,33.0
130,3.0,1,1,1,4,0,2.0,1.0,0.5,0.25,5,4,2.0,2.25,1,1,0,1,1.0,1.0,0.5,8.0
131,2.0,1,1,1,3,30,2.0,0.0,0.5384615384615384,0.3846153846153846,5,4,2.0,2.3076923076923075,2,2,1,1,1.0,1.0,0.5384615384615384,36.0
132,3.0,1,3,1,2,30,2.0,1.0,0.75,0.1666666666666666,5,3,2.0,2.25,2,2,1,1,1.0,1.0,0.75,36.0
133,3.0,3,2,1,0,30,2.0,0.0,0.5555555555555556,0.4444444444444444,5,4,3.0,2.333333333333333,2,2,1,1,0.8,1.0,0.5555555555555556,33.0
135,3.0,3,3,1,1,30,2.0,0.0,0.3571428571428571,0.3571428571428571,5,3,2.0,2.5,2,2,0,1,0.0,1.0,0.3571428571428571,34.0
136,3.0,1,3,1,1,30,2.0,0.0,0.6,0.2,5,3,2.0,2.4,2,2,1,1,1.0,1.0,0.6,34.0
138,3.0,5,2,1,0,45,2.0,0.0,0.48,0.48,5,4,2.0,2.4,4,3,3,1,1.0,0.75,0.48,48.0
139,3.0,5,3,1,2,0,2.0,0.0,0.625,0.5,5,3,2.0,2.375,2,2,2,1,0.0,1.0,0.625,5.0
140,3.0,1,3,1,5,0,2.0,1.0,0.75,0.0,5,3,2.0,2.375,2,2,1,1,1.0,1.0,0.75,9.0
142,3.0,5,1,1,0,30,2.0,0.0,0.5,0.3,5,4,2.0,2.4,2,2,1,1,1.0,1.0,0.5,33.0
143,2.0,5,2,1,0,30,2.0,0.0,0.5555555555555556,0.4444444444444444,5,4,2.0,2.888888888888889,2,2,2,1,1.0,1.0,0.5555555555555556,33.0
145,2.0,3,2,1,0,45,2.0,1.0,0.3809523809523809,0.0476190476190476,5,4,2.0,2.238095238095238,3,3,1,1,0.8,1.0,0.3809523809523809,49.0
146,3.0,5,2,2,0,40,2.0,0.0,0.6,0.4,5,2,2.0,2.2,1,1,0,1,1.0,1.0,0.6,44.0
147,2.0,5,2,1,1,0,2.0,0.0,0.625,0.375,5,2,2.0,3.125,2,2,1,1,0.2,1.0,0.625,4.0
148,3.0,5,2,1,0,45,2.0,0.0,0.56,0.26,5,3,3.0,2.96,4,4,2,1,0.5,1.0,0.56,48.0
149,2.0,3,2,1,1,15,0.0,0.0,0.6,0.4,5,3,2.0,2.38,4,3,2,1,0.8571428571428571,0.75,0.6,17.0
15,3.0,1,1,2,2,30,2.0,0.0,0.5,1.0,1,1,3.0,2.0,1,1,1,1,1.0,1.0,0.5,36.0
150,3.0,5,2,1,0,40,2.0,0.0,1.0,0.5,5,1,2.0,4.0,1,1,0,1,1.0,1.0,1.0,43.0
151,2.0,5,2,1,0,15,2.0,1.0,0.55,0.35,5,4,3.0,3.2,3,2,1,1,0.5,0.6666666666666666,0.55,19.0
152,3.0,1,2,1,2,0,2.0,0.0,0.62,0.52,5,1,2.0,3.4,4,4,2,1,0.2,1.0,0.62,5.0
153,3.0,1,1,1,0,40,2.0,1.0,0.4166666666666667,0.0833333333333333,5,4,2.0,2.25,2,2,1,1,0.6,1.0,0.4166666666666667,44.0
154,3.0,1,2,1,0,45,2.0,0.0,0.8,0.56,5,1,3.0,3.78,4,4,4,1,1.0,1.0,0.8,48.0
156,2.0,1,2,4,0,3,2.0,0.0,0.54,0.2,5,4,3.0,2.86,4,4,2,1,0.8333333333333334,1.0,0.54,9.0
157,3.0,5,2,1,1,30,2.0,0.0,1.0,0.1428571428571428,5,4,2.0,2.0,2,2,0,1,0.1428571428571428,1.0,1.0,34.0
159,1.0,3,3,1,0,45,2.0,0.0,0.6,0.4333333333333333,5,4,2.0,2.2333333333333334,3,3,2,1,0.0,1.0,0.6,48.0
160,2.0,3,2,1,1,0,2.0,1.0,0.4545454545454545,0.3636363636363636,5,3,3.0,3.136363636363636,3,3,2,1,0.5,1.0,0.4545454545454545,5.0
17,3.0,1,1,1,1,30,2.0,0.0,0.5,0.5,1,2,2.0,2.5,1,1,1,1,0.0,1.0,0.5,34.0
170,3.0,5,2,1,0,30,2.0,1.0,0.6153846153846154,0.2307692307692307,5,3,2.0,2.230769230769231,2,2,1,1,0.7142857142857143,1.0,0.6153846153846154,34.0
171,3.0,3,2,1,0,30,2.0,0.0,0.4545454545454545,0.4545454545454545,5,4,3.0,2.5454545454545454,2,2,1,1,0.5,1.0,0.4545454545454545,33.0
172,3.0,2,2,1,0,30,2.0,0.0,0.625,0.5,5,4,2.0,2.625,2,2,1,1,0.2,1.0,0.625,33.0
174,3.0,5,3,5,0,0,2.0,0.0,0.2857142857142857,0.3571428571428571,5,4,1.0,2.2857142857142856,2,2,1,1,0.0,1.0,0.2857142857142857,7.0
175,2.0,3,2,1,0,10,2.0,0.0,0.5555555555555556,0.3333333333333333,5,4,2.0,2.333333333333333,2,2,1,1,1.0,1.0,0.5555555555555556,13.0
176,2.0,1,2,1,0,15,2.0,0.0,0.44,0.22,5,3,2.0,2.76,4,4,1,1,1.0,1.0,0.44,18.0
177,3.0,1,2,1,15,0,2.0,0.0,0.5833333333333334,0.0833333333333333,5,4,3.0,2.0,2,2,1,1,0.1666666666666666,1.0,0.5833333333333334,18.0
178,3.0,5,2,1,0,30,2.0,0.0,0.625,0.25,5,4,3.0,2.3125,2,2,1,1,0.0,1.0,0.625,33.0
18,3.0,1,1,1,3,0,2.0,0.0,0.5,0.5,1,4,1.0,2.0,1,1,1,1,1.0,1.0,0.5,6.0
180,2.0,5,2,1,0,20,2.0,0.0,0.48,0.28,5,4,2.0,2.22,4,4,2,1,1.0,1.0,0.48,23.0
181,3.0,5,2,1,2,0,2.0,0.0,0.625,0.4583333333333333,5,4,3.0,2.583333333333333,3,3,2,1,0.5714285714285714,1.0,0.625,5.0
185,2.0,2,2,1,0,30,2.0,0.0,0.46,0.28,5,4,2.0,2.42,4,4,3,1,1.0,1.0,0.46,33.0
188,3.0,5,3,1,0,45,2.0,0.0,0.5555555555555556,0.4444444444444444,5,4,2.0,2.7777777777777777,2,2,1,1,0.0,1.0,0.5555555555555556,48.0
189,2.0,3,3,1,1,0,2.0,0.0,0.5,0.4444444444444444,5,4,2.0,2.111111111111111,2,2,1,1,0.0,1.0,0.5,4.0
190,3.0,5,2,1,0,45,2.0,0.0,0.44,0.58,5,1,2.0,2.8,4,4,4,1,1.0,1.0,0.44,48.0
191,3.0,1,2,1,0,45,2.0,0.0,0.75,0.25,5,3,2.0,2.25,1,1,1,1,1.0,1.0,0.75,48.0
192,3.0,2,2,1,0,30,2.0,0.0,1.0,0.3333333333333333,3,2,2.0,2.333333333333333,1,1,0,1,1.0,1.0,1.0,33.0
194,3.0,1,3,1,5,0,2.0,0.0,0.8571428571428571,0.0,5,3,3.0,2.4285714285714284,2,2,1,1,1.0,1.0,0.8571428571428571,8.0
195,3.0,1,2,1,1,30,2.0,0.0,0.2592592592592592,0.2222222222222222,5,4,2.0,2.3703703703703702,3,3,1,1,0.8333333333333334,1.0,0.2592592592592592,34.0
197,3.0,5,2,1,1,0,2.0,0.0,1.0,0.5,4,2,2.0,2.5,1,1,0,1,1.0,1.0,1.0,4.0
198,1.0,5,2,1,1,30,2.0,0.0,0.5483870967741935,0.5806451612903226,5,4,2.0,2.032258064516129,3,3,2,1,0.8,1.0,0.5483870967741935,34.0
199,3.0,1,2,1,0,40,2.0,0.0,0.3636363636363636,0.0909090909090909,5,2,2.0,2.5454545454545454,2,2,1,1,0.8,1.0,0.3636363636363636,43.0
2,3.0,1,1,1,4,0,2.0,0.0,1.0,1.0,1,2,2.0,2.5,1,1,1,1,0.0,1.0,1.0,7.0
20,2.0,1,2,1,1,0,2.0,1.0,0.6,0.2,5,4,2.0,2.4,2,2,1,1,0.0,1.0,0.6,5.0
200,3.0,5,2,1,0,45,2.0,0.0,0.48,0.56,5,4,2.0,2.58,4,4,3,1,1.0,1.0,0.48,48.0
201,3.0,5,2,1,0,30,2.0,0.0,0.7,0.4,5,4,3.0,2.7,2,2,2,1,0.4285714285714285,1.0,0.7,33.0
204,3.0,1,3,1,0,30,2.0,0.0,0.7567567567567568,0.2162162162162162,5,3,3.0,2.5135135135135136,3,3,2,1,1.0,1.0,0.7567567567567568,33.0
205,3.0,5,2,1,1,0,2.0,0.0,1.0,0.3333333333333333,5,2,2.0,2.333333333333333,1,1,0,1,1.0,1.0,1.0,4.0
206,3.0,5,2,1,0,30,2.0,0.0,0.5,0.5,5,2,2.0,2.5,1,1,0,1,1.0,1.0,0.5,33.0
207,2.0,5,2,1,0,5,2.0,0.0,0.5,0.4285714285714285,5,4,2.0,2.7142857142857144,3,2,2,1,0.0,0.6666666666666666,0.5,8.0
208,3.0,3,2,1,0,30,2.0,0.0,0.5454545454545454,0.3636363636363636,5,4,2.0,2.363636363636364,3,3,1,1,0.2857142857142857,1.0,0.5454545454545454,33.0
209,3.0,3,3,1,0,30,2.0,0.0,0.6666666666666666,0.5555555555555556,5,4,2.0,2.333333333333333,2,2,1,1,0.0,1.0,0.6666666666666666,33.0
21,3.0,1,1,1,1,30,2.0,0.0,1.0,0.25,3,3,2.0,3.0,1,1,1,1,0.25,1.0,1.0,34.0
210,3.0,1,3,1,1,0,2.0,0.0,0.6666666666666666,0.2222222222222222,5,4,2.0,2.2222222222222223,2,2,1,1,0.0,1.0,0.6666666666666666,4.0
211,2.0,1,2,1,1,0,2.0,0.0,0.44,0.18,5,4,2.0,2.58,4,4,2,1,0.0,1.0,0.44,4.0
212,2.0,1,2,1,0,45,2.0,0.0,0.6222222222222222,0.5777777777777777,5,4,2.0,2.555555555555556,4,3,2,1,0.1,0.75,0.6222222222222222,48.0
213,3.0,1,1,1,3,0,2.0,0.0,1.0,0.0,5,2,2.0,2.333333333333333,2,1,1,1,1.0,0.5,1.0,6.0
215,3.0,1,3,1,0,30,2.0,0.0,0.7272727272727273,0.1818181818181818,5,3,3.0,2.863636363636364,3,3,1,1,1.0,1.0,0.7272727272727273,33.0
217,2.0,5,2,1,0,10,2.0,0.0,0.4545454545454545,0.4848484848484848,5,4,2.0,2.4545454545454546,3,3,1,1,0.125,1.0,0.4545454545454545,13.0
218,3.0,1,2,1,1,0,2.0,0.0,0.2727272727272727,0.7272727272727273,5,4,2.0,2.272727272727273,2,2,1,1,1.0,1.0,0.2727272727272727,4.0
219,3.0,5,2,1,2,0,2.0,0.0,0.8,0.4,4,4,2.0,2.4,2,1,1,1,0.0,0.5,0.8,5.0
22,1.0,1,2,5,0,0,2.0,0.0,0.48,0.34,5,4,2.0,2.5,4,4,2,1,0.0,1.0,0.48,7.0
220,3.0,3,3,1,0,15,2.0,1.0,0.4545454545454545,0.2727272727272727,5,3,2.0,1.9090909090909087,2,2,1,1,0.0,1.0,0.4545454545454545,19.0
221,3.0,1,3,1,2,0,2.0,0.0,0.4545454545454545,0.3636363636363636,5,3,2.0,2.5454545454545454,2,2,1,1,1.0,1.0,0.4545454545454545,5.0
222,3.0,5,2,1,1,0,2.0,1.0,0.25,0.5,5,3,3.0,2.333333333333333,2,2,1,1,0.8333333333333334,1.0,0.25,5.0
223,3.0,1,3,1,2,40,2.0,0.0,0.3333333333333333,0.1666666666666666,5,2,2.0,2.6666666666666665,2,2,1,1,1.0,1.0,0.3333333333333333,45.0
224,2.0,5,2,1,1,0,2.0,1.0,0.9473684210526316,0.4736842105263157,5,4,3.0,1.947368421052632,3,2,1,1,1.0,0.6666666666666666,0.9473684210526316,5.0
225,2.0,5,2,1,1,0,2.0,1.0,0.5217391304347826,0.1739130434782608,5,4,2.0,2.130434782608696,3,3,1,1,0.8333333333333334,1.0,0.5217391304347826,5.0
226,1.0,5,2,1,0,45,2.0,0.0,0.5555555555555556,0.3333333333333333,5,3,3.0,2.5,3,2,1,1,0.3333333333333333,0.6666666666666666,0.5555555555555556,48.0
227,2.0,5,2,1,1,0,2.0,0.0,0.7,0.3,5,4,3.0,2.35,3,2,1,1,0.0,0.6666666666666666,0.7,4.0
23,3.0,1,1,1,3,0,2.0,0.0,0.5,0.0,1,2,2.0,2.5,1,1,1,1,0.0,1.0,0.5,6.0
230,1.0,1,2,1,0,45,2.0,0.0,0.6,0.36,5,4,2.0,2.36,4,4,2,1,0.0,1.0,0.6,48.0
231,3.0,1,2,1,0,5,2.0,0.0,0.66,0.44,5,1,2.0,3.32,4,4,3,1,0.2,1.0,0.66,8.0
232,3.0,2,2,1,1,0,2.0,0.0,0.5,0.5,3,2,2.0,2.5,1,1,1,1,1.0,1.0,0.5,4.0
233,3.0,5,2,1,0,45,2.0,0.0,0.625,0.125,5,4,2.0,2.375,2,2,0,1,0.0,1.0,0.625,48.0
234,3.0,3,3,1,1,0,2.0,0.0,1.0,1.0,1,2,2.0,3.0,1,1,1,1,0.0,1.0,1.0,4.0
237,3.0,1,3,1,2,0,2.0,0.0,0.4285714285714285,0.1428571428571428,5,4,3.0,2.0,2,2,1,1,0.75,1.0,0.4285714285714285,5.0
238,3.0,1,1,2,3,0,2.0,1.0,1.0,1.0,1,2,3.0,2.0,1,1,1,1,0.0,1.0,1.0,8.0
24,3.0,1,2,1,0,45,2.0,0.0,0.4,0.3,5,4,2.0,2.4,2,2,1,1,1.0,1.0,0.4,48.0
240,3.0,5,2,1,1,0,2.0,0.0,0.8333333333333334,0.3333333333333333,4,4,2.0,2.0,2,2,0,1,0.0,1.0,0.8333333333333334,4.0
242,3.0,1,2,1,0,20,2.0,1.0,0.3333333333333333,0.6666666666666666,1,2,2.0,2.333333333333333,1,1,0,1,0.0,1.0,0.3333333333333333,24.0
243,3.0,1,1,1,1,30,2.0,0.0,0.6666666666666666,0.0,1,4,3.0,2.333333333333333,1,1,1,1,0.5,1.0,0.6666666666666666,34.0
244,2.0,1,1,1,2,0,2.0,0.0,0.2857142857142857,0.1428571428571428,5,4,3.0,2.4285714285714284,2,2,1,1,0.0,1.0,0.2857142857142857,5.0
245,3.0,1,1,1,2,0,2.0,0.0,0.5,0.5,1,4,2.0,2.0,1,1,1,1,0.0,1.0,0.5,5.0
246,3.0,1,3,1,0,30,2.0,0.0,1.0,0.0,1,2,3.0,2.0,1,1,0,1,0.0,1.0,1.0,33.0
248,2.0,1,1,1,3,0,2.0,0.0,0.5,0.3333333333333333,5,4,3.0,2.5,2,2,1,1,0.0,1.0,0.5,6.0
249,3.0,1,1,1,1,30,2.0,0.0,0.3333333333333333,0.0,1,2,3.0,2.0,1,1,1,1,1.0,1.0,0.3333333333333333,34.0
25,3.0,1,1,1,2,45,2.0,0.0,1.0,0.0,1,2,2.0,2.0,1,1,1,1,0.0,1.0,1.0,50.0
250,3.0,1,1,2,2,0,2.0,1.0,0.5,0.75,1,4,3.0,2.0,1,1,1,1,1.0,1.0,0.5,7.0
251,2.0,1,2,2,0,30,2.0,0.0,0.56,0.34,5,4,3.0,2.18,4,4,1,1,1.0,1.0,0.56,34.0
252,2.0,1,1,1,1,0,0.0,0.0,0.6153846153846154,0.4615384615384615,5,4,3.0,1.6923076923076923,2,2,1,1,1.0,1.0,0.6153846153846154,2.0
253,3.0,1,1,1,0,45,1.0,0.0,0.3333333333333333,0.3333333333333333,1,2,2.0,2.0,1,1,1,1,0.0,1.0,0.3333333333333333,47.0
254,1.0,1,2,1,6,0,2.0,0.0,0.4285714285714285,0.673469387755102,5,2,3.0,2.959183673469388,4,3,4,1,1.0,0.75,0.4285714285714285,9.0
255,2.0,3,1,1,0,45,2.0,0.0,0.8,0.25,5,4,3.0,2.25,3,2,1,1,1.0,0.6666666666666666,0.8,48.0
256,3.0,1,1,2,2,0,2.0,0.0,0.6666666666666666,0.3333333333333333,1,4,2.0,2.0,1,1,0,1,0.0,1.0,0.6666666666666666,6.0
257,3.0,3,1,1,3,0,2.0,0.0,0.25,0.5,5,4,2.0,2.125,2,2,1,1,0.0,1.0,0.25,6.0
259,3.0,1,3,2,0,10,2.0,1.0,0.625,0.125,5,1,3.0,2.125,2,2,1,1,1.0,1.0,0.625,15.0
26,3.0,1,1,1,2,0,2.0,0.0,1.0,0.0,1,3,1.0,2.0,1,1,1,1,0.5,1.0,1.0,5.0
260,3.0,1,1,1,6,0,2.0,0.0,0.5,1.0,1,3,1.0,2.0,1,1,1,1,1.0,1.0,0.5,9.0
261,3.0,1,1,2,3,0,2.0,1.0,0.6666666666666666,0.0,1,4,2.0,2.0,1,1,1,1,1.0,1.0,0.6666666666666666,8.0
263,3.0,1,1,2,5,0,2.0,0.0,1.0,0.5,1,3,1.0,1.5,1,1,1,1,1.0,1.0,1.0,9.0
264,3.0,1,1,1,4,0,2.0,0.0,0.6666666666666666,0.0,1,3,2.0,2.0,1,1,1,1,1.0,1.0,0.6666666666666666,7.0
265,3.0,1,1,2,2,0,2.0,0.0,1.0,0.0,4,4,1.0,2.0,1,1,0,1,1.0,1.0,1.0,6.0
266,1.0,3,2,1,2,0,2.0,0.0,0.28,0.5,5,3,2.0,2.38,4,4,3,1,0.8,1.0,0.28,5.0
267,3.0,1,1,1,2,0,2.0,0.0,1.0,0.3333333333333333,5,3,2.0,2.6666666666666665,1,1,0,1,0.5,1.0,1.0,5.0
268,2.0,1,1,1,1,30,2.0,0.0,0.4,0.35,5,4,2.0,1.95,3,2,1,1,0.4,0.6666666666666666,0.4,34.0
269,2.0,1,3,1,0,30,2.0,0.0,0.08,0.12,5,4,2.0,2.48,3,3,1,1,1.0,1.0,0.08,33.0
270,3.0,1,1,1,1,50,2.0,0.0,0.5,0.25,3,4,2.0,2.25,1,1,0,1,1.0,1.0,0.5,54.0
271,3.0,1,1,1,1,30,2.0,0.0,0.5,0.25,5,4,1.0,2.0,1,1,0,1,1.0,1.0,0.5,34.0
272,3.0,1,1,1,2,0,2.0,0.0,0.4444444444444444,0.0,5,3,2.0,2.111111111111111,2,2,0,1,0.5,1.0,0.4444444444444444,5.0
273,2.0,1,1,2,0,30,2.0,0.0,0.6341463414634146,0.4146341463414634,5,3,2.0,2.268292682926829,3,3,1,1,1.0,1.0,0.6341463414634146,34.0
274,3.0,3,3,1,0,30,2.0,1.0,0.6666666666666666,0.6666666666666666,5,4,2.0,2.0,1,1,0,1,1.0,1.0,0.6666666666666666,34.0
276,2.0,3,2,1,0,5,2.0,0.0,0.9230769230769232,0.1538461538461538,5,4,2.0,1.8461538461538465,2,2,1,1,1.0,1.0,0.9230769230769232,8.0
277,3.0,1,1,2,0,30,2.0,0.0,1.0,0.5,4,3,2.0,2.0,1,1,0,1,1.0,1.0,1.0,34.0
278,1.0,1,2,1,0,10,2.0,0.0,0.28,0.56,5,3,2.0,2.7,4,4,2,1,1.0,1.0,0.28,13.0
279,3.0,3,1,2,13,15,2.0,0.0,0.3333333333333333,0.0,5,4,1.0,2.0,1,1,1,1,1.0,1.0,0.3333333333333333,32.0
28,3.0,1,1,1,1,0,2.0,0.0,1.0,0.5,1,2,1.0,2.0,1,1,1,1,1.0,1.0,1.0,4.0
280,3.0,3,1,1,1,30,2.0,0.0,0.36,0.38,5,4,1.0,2.64,4,4,4,1,1.0,1.0,0.36,34.0
281,3.0,1,1,2,2,30,2.0,0.0,0.5,0.25,5,4,1.0,2.25,1,1,0,1,1.0,1.0,0.5,36.0
282,3.0,1,1,2,3,0,2.0,0.0,1.0,0.5,4,2,1.0,2.0,1,1,0,1,1.0,1.0,1.0,7.0
284,3.0,1,1,1,2,0,2.0,0.0,1.0,1.0,4,3,2.0,2.0,1,1,0,1,1.0,1.0,1.0,5.0
285,3.0,3,1,1,0,10,2.0,0.0,0.62,0.5,5,3,3.0,2.52,4,4,3,1,0.5714285714285714,1.0,0.62,13.0
286,3.0,1,1,2,0,30,2.0,0.0,1.0,0.5,4,2,2.0,2.0,1,1,0,1,1.0,1.0,1.0,34.0
288,3.0,3,1,1,1,0,2.0,0.0,0.5,0.5,1,2,2.0,2.0,1,1,1,1,1.0,1.0,0.5,4.0
289,3.0,1,1,1,4,0,2.0,0.0,1.0,0.25,5,4,2.0,2.25,1,1,0,1,1.0,1.0,1.0,7.0
29,3.0,1,1,1,0,15,2.0,0.0,0.5,0.5,1,2,3.0,2.0,1,1,1,1,0.5,1.0,0.5,18.0
290,2.0,1,1,1,2,0,2.0,0.0,0.7142857142857143,0.4285714285714285,4,3,3.0,3.0,2,2,1,1,1.0,1.0,0.7142857142857143,5.0
291,3.0,1,1,1,3,0,2.0,0.0,0.6666666666666666,0.3333333333333333,1,4,1.0,2.0,1,1,1,1,1.0,1.0,0.6666666666666666,6.0
292,3.0,1,1,1,1,0,2.0,0.0,0.5,0.0,5,4,2.0,2.0,2,2,1,1,0.3333333333333333,1.0,0.5,4.0
293,3.0,1,1,2,2,0,2.0,0.0,1.0,0.5,1,2,2.0,1.5,1,1,0,1,1.0,1.0,1.0,6.0
294,2.0,1,2,1,0,45,2.0,0.0,0.6956521739130435,0.6304347826086957,5,4,3.0,2.152173913043478,4,3,2,1,0.5714285714285714,0.75,0.6956521739130435,48.0
296,3.0,1,1,1,1,0,2.0,0.0,0.75,0.0,5,3,2.0,2.25,1,1,1,1,0.0,1.0,0.75,4.0
297,3.0,1,1,1,1,0,2.0,0.0,1.0,0.3333333333333333,1,4,3.0,2.0,1,1,1,1,0.3333333333333333,1.0,1.0,4.0
298,3.0,1,1,2,1,30,2.0,1.0,0.6666666666666666,0.3333333333333333,1,1,1.0,2.0,1,1,0,1,0.0,1.0,0.6666666666666666,36.0
299,3.0,1,1,1,1,30,2.0,0.0,1.0,0.5,1,2,1.0,2.5,1,1,0,1,0.0,1.0,1.0,34.0
3,2.0,2,1,1,2,0,2.0,0.0,0.875,0.25,3,4,2.0,2.5,2,2,1,1,0.0,1.0,0.875,5.0
300,2.0,1,1,1,0,45,2.0,0.0,0.4166666666666667,0.1666666666666666,5,4,2.0,2.25,2,2,1,1,0.1666666666666666,1.0,0.4166666666666667,48.0
301,1.0,5,1,1,0,45,2.0,0.0,0.6,0.44,5,3,3.0,3.24,4,4,3,1,0.1666666666666666,1.0,0.6,48.0
303,3.0,5,1,1,0,45,2.0,0.0,0.5,0.38,5,3,2.0,2.94,4,4,2,1,0.0,1.0,0.5,48.0
304,3.0,1,1,1,3,0,2.0,0.0,0.6666666666666666,0.6666666666666666,5,4,1.0,2.0,1,1,0,1,0.0,1.0,0.6666666666666666,6.0
305,3.0,1,1,1,2,0,2.0,0.0,1.0,0.5,1,2,2.0,2.5,1,1,0,1,0.5,1.0,1.0,5.0
306,3.0,3,1,1,1,0,2.0,0.0,0.6666666666666666,0.0,5,4,3.0,2.5,2,2,1,1,0.0,1.0,0.6666666666666666,4.0
307,3.0,1,1,1,1,0,2.0,0.0,0.6,0.2,5,4,1.0,2.2,2,2,1,1,0.0,1.0,0.6,4.0
31,3.0,1,1,1,4,0,2.0,0.0,1.0,0.0,2,4,1.0,2.0,1,1,1,1,0.0,1.0,1.0,7.0
310,3.0,3,1,1,5,0,2.0,0.0,0.5714285714285714,0.0,5,4,3.0,2.0,2,2,1,1,0.0,1.0,0.5714285714285714,8.0
311,1.0,2,3,1,0,30,2.0,0.0,0.5526315789473685,0.631578947368421,5,4,2.0,2.0,4,3,2,1,0.0,0.75,0.5526315789473685,33.0
312,3.0,1,1,1,1,15,2.0,0.0,0.6666666666666666,0.3333333333333333,5,4,1.0,2.0,1,1,1,1,1.0,1.0,0.6666666666666666,19.0
314,3.0,1,1,1,3,0,2.0,0.0,1.0,0.5,4,3,2.0,2.0,1,1,0,1,1.0,1.0,1.0,6.0
315,2.0,1,1,1,0,45,2.0,0.0,0.6666666666666666,0.3333333333333333,5,4,2.0,2.1666666666666665,2,2,1,1,1.0,1.0,0.6666666666666666,48.0
316,3.0,1,1,1,3,0,2.0,0.0,0.5,0.5,4,2,1.0,2.0,1,1,1,1,1.0,1.0,0.5,6.0
317,3.0,1,1,1,0,30,2.0,0.0,0.6666666666666666,0.5,5,3,2.0,2.1666666666666665,2,2,1,1,1.0,1.0,0.6666666666666666,33.0
318,3.0,1,1,1,1,30,2.0,0.0,0.6666666666666666,0.3333333333333333,5,3,2.0,2.0,1,1,1,1,1.0,1.0,0.6666666666666666,34.0
319,3.0,1,1,2,0,30,2.0,0.0,0.25,0.0,5,3,1.0,2.0,1,1,0,1,1.0,1.0,0.25,34.0
32,3.0,1,1,1,3,30,2.0,0.0,0.3333333333333333,0.0,5,4,1.0,2.0,2,1,1,1,0.0,0.5,0.3333333333333333,36.0
320,1.0,3,1,2,0,15,2.0,0.0,0.38,0.3,5,4,2.0,2.3,4,4,2,1,1.0,1.0,0.38,19.0
321,2.0,3,2,2,0,30,2.0,0.0,0.3571428571428571,0.2857142857142857,5,3,2.0,2.142857142857143,2,2,1,1,1.0,1.0,0.3571428571428571,34.0
322,3.0,3,1,4,0,30,2.0,0.0,0.2631578947368421,0.3684210526315789,5,4,2.0,2.0526315789473686,3,2,1,1,1.0,0.6666666666666666,0.2631578947368421,36.0
323,3.0,5,2,4,0,30,2.0,0.0,0.4,0.3,5,4,2.0,2.2,2,2,1,1,1.0,1.0,0.4,36.0
324,3.0,1,2,2,0,15,2.0,0.0,1.0,0.3333333333333333,5,4,2.0,2.0,1,1,0,1,1.0,1.0,1.0,19.0
325,2.0,3,2,1,0,10,2.0,1.0,0.5,0.1666666666666666,5,4,2.0,2.1666666666666665,2,2,1,1,1.0,1.0,0.5,14.0
326,3.0,5,2,3,0,30,2.0,0.0,0.5,0.625,5,4,2.0,2.0,2,2,1,1,1.0,1.0,0.5,35.0
327,2.0,1,2,4,0,10,2.0,0.0,0.4,0.24,5,4,2.0,2.38,4,4,2,1,1.0,1.0,0.4,16.0
329,3.0,1,2,1,0,5,2.0,0.0,0.6923076923076923,0.3076923076923077,5,4,2.0,2.1538461538461537,2,2,1,1,1.0,1.0,0.6923076923076923,8.0
33,2.0,1,1,1,2,30,2.0,0.0,0.8,0.3,5,4,2.0,2.4,2,2,1,1,1.0,1.0,0.8,35.0
330,3.0,1,3,2,0,30,2.0,0.0,0.8,0.4,5,4,2.0,2.2,1,1,0,1,1.0,1.0,0.8,34.0
331,3.0,1,1,1,0,45,2.0,1.0,0.5,0.0,4,4,1.0,2.0,1,1,0,1,1.0,1.0,0.5,49.0
332,3.0,3,1,1,1,0,2.0,1.0,0.3333333333333333,0.6666666666666666,5,4,2.0,2.0,1,1,1,1,1.0,1.0,0.3333333333333333,5.0
333,3.0,1,3,1,0,45,2.0,0.0,0.75,0.25,5,3,2.0,2.25,1,1,0,1,1.0,1.0,0.75,48.0
334,2.0,1,1,1,2,0,2.0,0.0,0.55,0.55,4,4,2.0,2.0,3,2,2,1,0.5714285714285714,0.6666666666666666,0.55,5.0
335,3.0,2,1,1,0,30,2.0,0.0,0.4285714285714285,0.4285714285714285,5,4,1.0,1.7142857142857142,2,2,1,1,1.0,1.0,0.4285714285714285,33.0
336,3.0,1,1,1,0,20,2.0,0.0,0.5,0.5,5,4,2.0,2.25,2,1,1,1,0.6666666666666666,0.5,0.5,23.0
337,3.0,1,2,1,0,30,2.0,0.0,1.0,0.6666666666666666,4,1,2.0,2.6666666666666665,1,1,1,1,0.6666666666666666,1.0,1.0,33.0
338,3.0,1,2,4,2,0,1.0,0.0,1.0,0.75,5,4,1.0,1.5,2,1,1,1,1.0,0.5,1.0,7.0
339,1.0,1,2,1,0,15,2.0,0.0,0.58,0.52,5,4,2.0,2.28,4,4,2,1,0.6666666666666666,1.0,0.58,18.0
34,3.0,1,1,1,2,0,2.0,0.0,0.6666666666666666,0.6666666666666666,1,4,3.0,2.0,2,1,1,1,0.0,0.5,0.6666666666666666,5.0
340,2.0,1,2,1,0,20,2.0,0.0,0.4,0.4,5,4,2.0,2.12,3,3,1,1,0.7142857142857143,1.0,0.4,23.0
341,2.0,2,2,1,0,10,2.0,0.0,0.6458333333333334,0.2916666666666667,5,3,2.0,2.208333333333333,4,3,2,1,0.875,0.75,0.6458333333333334,13.0
342,1.0,1,3,1,0,15,2.0,0.0,0.6,0.42,5,4,2.0,2.06,4,4,2,1,0.5714285714285714,1.0,0.6,18.0
343,3.0,5,2,1,0,20,2.0,0.0,0.4,0.6,5,4,2.0,2.3,2,2,1,1,0.0,1.0,0.4,23.0
344,3.0,1,2,1,1,0,1.0,0.0,0.75,0.125,5,3,2.0,2.375,2,2,1,1,0.6666666666666666,1.0,0.75,3.0
346,3.0,5,2,1,0,30,2.0,0.0,0.4,0.4,5,4,2.0,2.2666666666666666,2,2,1,1,0.2,1.0,0.4,33.0
347,3.0,1,2,1,0,20,2.0,0.0,1.0,0.3333333333333333,5,4,2.0,2.333333333333333,2,2,1,1,0.5,1.0,1.0,23.0
348,3.0,3,2,1,0,15,2.0,0.0,0.8333333333333334,0.3333333333333333,5,4,2.0,2.1666666666666665,2,2,1,1,0.0,1.0,0.8333333333333334,18.0
349,3.0,5,1,1,1,30,2.0,0.0,0.6,0.2,5,4,2.0,2.0,2,1,1,1,0.0,0.5,0.6,34.0
35,3.0,1,3,1,6,0,2.0,1.0,0.5714285714285714,0.2857142857142857,5,4,2.0,2.142857142857143,2,2,1,1,0.0,1.0,0.5714285714285714,10.0
350,3.0,1,2,1,0,40,1.0,0.0,0.7142857142857143,0.2857142857142857,5,4,2.0,2.0,2,2,1,1,0.8,1.0,0.7142857142857143,42.0
352,3.0,1,3,1,0,30,2.0,0.0,0.5,0.5,1,2,1.0,2.5,1,1,0,1,0.0,1.0,0.5,33.0
353,3.0,1,1,2,2,0,2.0,0.0,0.5,0.5,1,2,1.0,2.0,1,1,0,1,1.0,1.0,0.5,6.0
354,2.0,1,1,2,3,0,2.0,0.0,0.3333333333333333,0.4444444444444444,5,3,2.0,1.6666666666666667,2,2,1,1,0.2,1.0,0.3333333333333333,7.0
355,3.0,1,1,3,4,0,2.0,0.0,1.0,1.0,1,2,1.0,1.5,1,1,0,1,0.0,1.0,1.0,9.0
356,3.0,1,1,1,2,0,2.0,0.0,0.5,0.5,1,2,1.0,2.5,1,1,0,1,1.0,1.0,0.5,5.0
357,2.0,1,1,2,1,30,2.0,0.0,0.25,0.625,5,3,2.0,2.625,2,2,1,1,0.0,1.0,0.25,35.0
358,3.0,1,1,2,2,0,2.0,0.0,0.5,0.5,1,2,1.0,2.5,1,1,0,1,0.0,1.0,0.5,6.0
359,3.0,1,1,2,0,45,2.0,0.0,0.5,0.5,1,2,1.0,2.5,1,1,0,1,0.0,1.0,0.5,49.0
36,2.0,1,1,1,5,0,2.0,0.0,0.7,0.3,4,4,2.0,2.4,2,2,1,1,1.0,1.0,0.7,8.0
360,2.0,1,1,1,3,0,2.0,1.0,0.4285714285714285,0.4285714285714285,4,3,3.0,2.2857142857142856,2,2,0,1,0.0,1.0,0.4285714285714285,7.0
361,3.0,1,1,2,1,30,2.0,0.0,0.5,0.5,1,3,1.0,1.5,1,1,0,1,0.0,1.0,0.5,35.0
362,3.0,1,1,1,1,0,2.0,0.0,0.6,0.2,5,2,1.0,1.7,3,2,2,1,0.0,0.6666666666666666,0.6,4.0
363,3.0,1,1,1,2,0,2.0,0.0,0.6666666666666666,0.3333333333333333,1,2,1.0,2.0,1,1,0,1,0.5,1.0,0.6666666666666666,5.0
364,3.0,1,1,1,2,0,2.0,0.0,0.5,0.0,1,3,1.0,1.5,1,1,0,1,0.0,1.0,0.5,5.0
365,3.0,1,1,3,2,30,2.0,0.0,1.0,0.0,1,3,1.0,2.0,1,1,0,1,0.0,1.0,1.0,37.0
366,3.0,1,1,1,2,0,2.0,0.0,0.5,0.5,1,2,1.0,2.0,1,1,0,1,0.0,1.0,0.5,5.0
367,3.0,1,1,1,3,0,2.0,0.0,0.3333333333333333,0.6666666666666666,1,2,2.0,2.333333333333333,1,1,0,1,0.0,1.0,0.3333333333333333,6.0
368,2.0,1,1,1,2,30,2.0,0.0,0.25,0.5,5,3,2.0,2.25,2,2,1,1,0.5,1.0,0.25,35.0
369,2.0,1,1,1,0,30,2.0,0.0,0.5454545454545454,0.2727272727272727,5,4,1.0,2.1818181818181817,2,2,1,1,0.0,1.0,0.5454545454545454,33.0
37,3.0,1,1,1,5,0,2.0,0.0,0.6666666666666666,0.3333333333333333,1,4,2.0,2.0,2,1,1,1,0.0,0.5,0.6666666666666666,8.0
370,3.0,2,1,1,2,0,2.0,0.0,0.4,0.4,4,3,1.0,2.0,1,1,0,1,0.0,1.0,0.4,5.0
371,2.0,5,2,1,0,15,2.0,0.0,0.2,0.2666666666666666,5,3,2.0,2.7333333333333334,2,2,1,1,0.0,1.0,0.2,18.0
372,3.0,5,1,1,0,45,2.0,0.0,0.3636363636363636,0.5454545454545454,5,4,2.0,2.363636363636364,2,2,1,1,0.0,1.0,0.3636363636363636,48.0
373,2.0,1,3,1,0,45,2.0,0.0,0.5555555555555556,0.1666666666666666,5,4,2.0,1.8888888888888888,3,2,1,1,0.1666666666666666,0.6666666666666666,0.5555555555555556,48.0
375,3.0,1,1,1,1,30,2.0,0.0,0.1538461538461538,0.3846153846153846,5,4,2.0,2.0,2,2,0,1,0.1111111111111111,1.0,0.1538461538461538,34.0
376,3.0,1,1,1,1,0,2.0,0.0,0.8333333333333334,0.3333333333333333,5,2,2.0,2.333333333333333,2,2,0,1,0.2,1.0,0.8333333333333334,4.0
377,3.0,5,2,1,0,15,2.0,0.0,0.64,0.44,5,4,1.0,2.04,3,3,1,1,0.0,1.0,0.64,18.0
378,3.0,5,2,2,0,30,2.0,0.0,0.5,0.25,5,4,2.0,2.125,2,2,0,1,0.0,1.0,0.5,34.0
379,1.0,1,2,1,0,10,2.0,0.0,0.7,0.52,5,4,2.0,2.94,4,4,2,1,0.2,1.0,0.7,13.0
38,3.0,1,1,1,3,0,2.0,0.0,0.3333333333333333,0.3333333333333333,1,4,1.0,2.0,2,1,1,1,0.3333333333333333,0.5,0.3333333333333333,6.0
380,3.0,5,2,1,0,15,2.0,0.0,0.7692307692307693,0.1538461538461538,5,4,2.0,2.4615384615384617,2,2,1,1,0.0,1.0,0.7692307692307693,18.0
381,3.0,1,1,1,1,0,2.0,0.0,0.625,0.1875,5,3,2.0,2.25,2,2,0,1,0.1428571428571428,1.0,0.625,4.0
382,3.0,1,1,1,1,30,2.0,0.0,0.7142857142857143,0.4285714285714285,5,4,2.0,2.4285714285714284,3,3,1,1,0.1428571428571428,1.0,0.7142857142857143,34.0
383,3.0,1,2,2,0,25,2.0,0.0,0.1666666666666666,0.25,5,3,2.0,2.25,2,2,1,1,1.0,1.0,0.1666666666666666,29.0
384,1.0,5,2,1,0,20,2.0,0.0,0.74,0.5,5,3,2.0,2.36,4,4,3,1,0.125,1.0,0.74,23.0
385,3.0,1,1,1,0,20,2.0,0.0,0.3333333333333333,0.7777777777777778,5,1,2.0,2.111111111111111,2,2,1,1,0.0,1.0,0.3333333333333333,23.0
386,3.0,1,1,1,3,0,1.0,0.0,0.5,0.0,1,3,2.0,2.0,1,1,1,1,0.5,1.0,0.5,5.0
387,3.0,1,1,2,2,0,2.0,0.0,0.5,0.5,3,2,1.0,2.0,1,1,1,1,0.0,1.0,0.5,6.0
388,3.0,1,1,1,2,0,2.0,0.0,1.0,0.5,1,2,2.0,2.0,1,1,1,1,1.0,1.0,1.0,5.0
389,2.0,1,1,1,2,0,2.0,0.0,0.875,0.25,5,3,3.0,2.25,3,2,2,1,0.8,0.6666666666666666,0.875,5.0
39,3.0,1,1,1,1,30,2.0,0.0,1.0,0.0,5,4,2.0,2.0,1,1,0,1,0.0,1.0,1.0,34.0
390,3.0,3,1,1,0,30,2.0,0.0,0.7058823529411765,0.4705882352941176,5,1,3.0,3.0,2,2,0,1,0.6,1.0,0.7058823529411765,33.0
391,3.0,5,1,1,1,30,2.0,0.0,0.6,0.2,5,4,2.0,2.0,2,1,1,1,0.0,0.5,0.6,34.0
392,3.0,1,1,1,3,0,2.0,0.0,0.8,0.4,5,3,2.0,2.2,2,1,1,1,1.0,0.5,0.8,6.0
393,3.0,1,1,1,2,30,2.0,0.0,0.3333333333333333,0.0,1,3,2.0,2.0,1,1,1,1,0.0,1.0,0.3333333333333333,35.0
395,3.0,1,1,1,0,45,2.0,0.0,0.6666666666666666,0.0,1,3,1.0,2.0,1,1,1,1,1.0,1.0,0.6666666666666666,48.0
396,3.0,3,3,1,2,0,2.0,0.0,0.6666666666666666,0.5,5,4,3.0,2.333333333333333,2,2,1,1,0.2,1.0,0.6666666666666666,5.0
397,2.0,1,1,1,1,0,2.0,0.0,0.875,0.375,5,4,3.0,2.25,2,2,1,1,0.75,1.0,0.875,4.0
398,2.0,1,1,1,1,0,2.0,0.0,0.7142857142857143,0.1428571428571428,4,3,3.0,2.2857142857142856,2,2,1,1,0.6666666666666666,1.0,0.7142857142857143,4.0
399,3.0,1,1,1,1,0,2.0,0.0,0.5,0.0,1,3,1.0,2.0,1,1,1,1,0.0,1.0,0.5,4.0
4,3.0,1,1,1,2,30,2.0,0.0,1.0,0.0,1,4,2.0,2.0,1,1,0,1,0.0,1.0,1.0,35.0
40,3.0,1,1,2,0,20,2.0,0.0,0.5,0.5,1,2,1.0,2.5,1,1,1,1,1.0,1.0,0.5,24.0
400,3.0,1,1,1,0,30,1.0,0.0,0.6666666666666666,0.3333333333333333,5,2,1.0,1.6666666666666667,1,1,0,1,0.5,1.0,0.6666666666666666,32.0
401,2.0,2,1,1,2,0,2.0,0.0,0.4285714285714285,0.4285714285714285,5,4,2.0,1.8571428571428568,3,2,2,1,0.8571428571428571,0.6666666666666666,0.4285714285714285,5.0
402,3.0,1,1,2,0,30,2.0,1.0,0.5,0.0,1,3,1.0,2.0,1,1,1,1,1.0,1.0,0.5,35.0
403,3.0,1,3,1,0,30,2.0,0.0,0.5,0.3333333333333333,4,4,2.0,2.0,2,2,1,1,0.5,1.0,0.5,33.0
404,2.0,1,3,1,0,45,2.0,0.0,1.0,1.0,1,2,2.0,2.0,2,1,2,1,1.0,0.5,1.0,48.0
405,3.0,1,1,2,0,45,2.0,1.0,1.0,0.5,1,2,2.0,2.5,1,1,1,1,0.0,1.0,1.0,50.0
406,3.0,1,1,1,2,0,2.0,0.0,1.0,0.0,1,3,1.0,1.0,1,1,1,1,0.0,1.0,1.0,5.0
407,2.0,1,1,1,1,45,2.0,0.0,0.5,0.4,5,4,2.0,2.5,2,2,2,1,1.0,1.0,0.5,49.0
408,3.0,1,1,1,1,0,2.0,0.0,0.5,0.0,1,3,1.0,2.0,1,1,1,1,1.0,1.0,0.5,4.0
409,1.0,1,2,1,0,5,2.0,0.0,0.44,0.22,5,4,2.0,2.3,4,4,3,1,0.5,1.0,0.44,8.0
41,3.0,1,1,1,4,0,2.0,0.0,0.3333333333333333,0.6666666666666666,1,4,1.0,2.0,1,1,1,1,1.0,1.0,0.3333333333333333,7.0
410,3.0,1,1,2,0,45,2.0,0.0,0.5,0.5,1,2,2.0,2.5,1,1,1,1,1.0,1.0,0.5,49.0
411,3.0,3,3,1,0,45,2.0,0.0,0.25,0.25,5,4,2.0,2.125,2,2,1,1,0.0,1.0,0.25,48.0
412,3.0,3,1,1,1,30,2.0,0.0,1.0,0.0,1,4,2.0,2.0,1,1,1,1,0.0,1.0,1.0,34.0
413,3.0,1,1,1,1,30,2.0,0.0,0.5,0.5,1,1,2.0,2.0,2,1,1,1,0.6666666666666666,0.5,0.5,34.0
414,3.0,1,1,1,0,50,2.0,0.0,0.2,0.4,5,4,2.0,2.2,1,1,0,1,1.0,1.0,0.2,53.0
415,3.0,1,1,1,2,0,2.0,0.0,0.25,0.0,5,4,1.0,2.0,1,1,0,1,1.0,1.0,0.25,5.0
416,3.0,1,1,1,0,30,2.0,0.0,0.5,0.75,5,4,2.0,2.0,1,1,0,1,1.0,1.0,0.5,33.0
417,2.0,1,1,1,3,0,2.0,0.0,0.8461538461538461,0.3846153846153846,5,4,2.0,2.076923076923077,2,2,1,1,0.5,1.0,0.8461538461538461,6.0
418,3.0,1,1,1,0,45,2.0,0.0,0.25,1.0,5,3,2.0,2.25,1,1,0,1,1.0,1.0,0.25,48.0
419,3.0,1,1,1,0,30,2.0,0.0,0.5,0.25,5,4,1.0,2.25,1,1,0,1,1.0,1.0,0.5,33.0
42,3.0,1,1,1,1,0,2.0,1.0,1.0,0.5,1,3,2.0,2.0,1,1,1,1,0.0,1.0,1.0,5.0
420,3.0,1,1,1,2,0,2.0,0.0,0.6,0.2,5,4,1.0,2.4,1,1,0,1,1.0,1.0,0.6,5.0
421,3.0,1,1,1,4,0,2.0,0.0,0.5,0.75,5,4,1.0,2.0,1,1,0,1,0.0,1.0,0.5,7.0
422,3.0,3,3,1,0,10,2.0,0.0,0.6666666666666666,0.5,5,4,2.0,2.333333333333333,2,2,1,1,0.8,1.0,0.6666666666666666,13.0
423,1.0,1,2,4,0,5,2.0,0.0,0.5,0.6,5,3,2.0,2.92,4,4,2,1,1.0,1.0,0.5,11.0
424,3.0,1,1,1,0,45,2.0,0.0,0.25,0.25,5,4,1.0,2.25,1,1,0,1,1.0,1.0,0.25,48.0
425,2.0,1,1,1,0,30,2.0,0.0,0.5882352941176471,0.3529411764705882,5,3,2.0,2.588235294117647,3,2,2,1,1.0,0.6666666666666666,0.5882352941176471,33.0
426,3.0,1,1,1,3,0,2.0,0.0,0.8333333333333334,0.3333333333333333,3,4,3.0,2.0,2,2,1,1,1.0,1.0,0.8333333333333334,6.0
427,3.0,3,2,1,0,10,2.0,0.0,0.6,0.6,5,4,2.0,2.2,2,1,1,1,1.0,0.5,0.6,13.0
428,1.0,1,2,2,0,5,2.0,0.0,0.54,0.3,5,3,2.0,3.04,4,4,4,1,0.8888888888888888,1.0,0.54,9.0
429,3.0,5,2,1,0,5,2.0,0.0,0.625,0.46875,5,4,2.0,2.5625,4,3,3,1,1.0,0.75,0.625,8.0
43,3.0,1,1,2,2,0,2.0,0.0,1.0,0.0,5,4,1.0,2.333333333333333,1,1,0,1,0.0,1.0,1.0,6.0
430,3.0,5,2,1,0,5,2.0,0.0,0.625,0.5,5,4,2.0,2.625,2,2,1,1,0.0,1.0,0.625,8.0
431,3.0,3,1,1,3,0,2.0,0.0,1.0,0.25,5,4,2.0,2.0,1,1,0,1,1.0,1.0,1.0,6.0
432,3.0,1,1,1,3,0,2.0,0.0,0.3333333333333333,0.6666666666666666,5,2,2.0,2.333333333333333,1,1,0,1,1.0,1.0,0.3333333333333333,6.0
434,3.0,1,1,1,5,0,2.0,0.0,0.6666666666666666,0.3333333333333333,5,2,3.0,2.6666666666666665,1,1,0,1,1.0,1.0,0.6666666666666666,8.0
435,3.0,1,1,2,0,45,2.0,0.0,0.3333333333333333,0.6666666666666666,5,3,2.0,2.0,1,1,0,1,1.0,1.0,0.3333333333333333,49.0
436,3.0,3,2,1,0,5,2.0,0.0,0.6,0.8,5,2,3.0,3.0,1,1,0,1,0.5,1.0,0.6,8.0
437,3.0,1,1,1,2,0,2.0,0.0,0.3333333333333333,0.0,5,3,2.0,2.6666666666666665,1,1,1,1,1.0,1.0,0.3333333333333333,5.0
438,3.0,1,1,1,1,0,2.0,0.0,0.2,0.4,5,1,2.0,2.0,1,1,0,1,1.0,1.0,0.2,4.0
439,3.0,1,3,1,1,30,2.0,0.0,0.3333333333333333,0.6666666666666666,5,2,2.0,2.333333333333333,1,1,0,1,1.0,1.0,0.3333333333333333,34.0
44,3.0,1,1,2,1,0,2.0,0.0,0.8,0.2,5,2,2.0,2.2,1,1,0,1,0.0,1.0,0.8,5.0
440,2.0,1,3,1,0,30,2.0,0.0,0.5789473684210527,0.3684210526315789,5,4,2.0,2.3684210526315788,3,2,2,1,1.0,0.6666666666666666,0.5789473684210527,33.0
441,3.0,3,3,1,0,15,2.0,0.0,0.6,0.6,4,2,1.0,2.2,2,1,1,1,1.0,0.5,0.6,18.0
442,3.0,1,1,1,1,0,2.0,0.0,0.25,0.5,5,4,1.0,2.25,1,1,0,1,1.0,1.0,0.25,4.0
443,3.0,1,1,1,1,1,2.0,0.0,0.3333333333333333,0.3333333333333333,5,2,2.0,2.0,1,1,1,1,1.0,1.0,0.3333333333333333,5.0
444,2.0,1,2,1,0,30,2.0,0.0,0.3333333333333333,0.4444444444444444,5,4,3.0,2.6296296296296298,3,3,1,1,1.0,1.0,0.3333333333333333,33.0
445,2.0,1,2,1,0,30,2.0,0.0,0.75,0.6875,5,4,3.0,2.6875,3,3,1,1,1.0,1.0,0.75,33.0
446,3.0,1,1,1,1,0,2.0,0.0,0.3333333333333333,0.0,5,4,1.0,1.6666666666666667,1,1,0,1,1.0,1.0,0.3333333333333333,4.0
447,3.0,1,1,2,0,20,2.0,0.0,0.3333333333333333,0.6666666666666666,5,3,2.0,2.0,1,1,0,1,1.0,1.0,0.3333333333333333,24.0
448,3.0,1,1,1,3,0,2.0,0.0,0.5,0.5,5,4,3.0,2.25,1,1,0,1,1.0,1.0,0.5,6.0
449,3.0,1,1,1,3,0,2.0,0.0,0.2,0.2,5,3,1.0,2.2,2,1,1,1,1.0,0.5,0.2,6.0
45,3.0,3,2,1,0,15,2.0,0.0,0.8571428571428571,0.2857142857142857,5,4,1.0,2.2857142857142856,2,2,0,1,0.0,1.0,0.8571428571428571,18.0
450,2.0,1,1,1,2,30,2.0,0.0,0.6363636363636364,0.6363636363636364,5,4,2.0,2.4545454545454546,2,2,1,1,1.0,1.0,0.6363636363636364,35.0
451,3.0,3,1,1,1,0,2.0,0.0,0.75,0.5,1,4,3.0,2.0,1,1,0,1,1.0,1.0,0.75,4.0
452,3.0,1,1,1,1,0,2.0,0.0,0.3333333333333333,0.6666666666666666,5,3,2.0,3.0,1,1,0,1,1.0,1.0,0.3333333333333333,4.0
453,3.0,1,1,1,1,30,2.0,0.0,0.8333333333333334,0.3333333333333333,5,3,3.0,2.0,2,2,1,1,0.3333333333333333,1.0,0.8333333333333334,34.0
454,2.0,1,1,1,1,0,2.0,0.0,0.7333333333333333,0.4666666666666667,5,3,3.0,2.4,3,2,2,1,0.0,0.6666666666666666,0.7333333333333333,4.0
455,1.0,1,2,1,0,2,2.0,0.0,0.36,0.42,5,3,3.0,3.18,4,3,4,1,1.0,0.75,0.36,5.0
457,3.0,5,2,1,0,3,2.0,0.0,0.4,0.8,5,2,3.0,2.8,1,1,0,1,0.6666666666666666,1.0,0.4,6.0
458,2.0,5,2,1,0,15,2.0,0.0,0.4545454545454545,0.5454545454545454,5,4,3.0,2.606060606060606,4,3,2,1,0.5,0.75,0.4545454545454545,18.0
46,3.0,1,1,2,2,0,2.0,1.0,1.0,0.5,3,2,3.0,2.5,1,1,0,1,0.5,1.0,1.0,7.0
460,2.0,1,1,1,0,30,2.0,0.0,0.5454545454545454,0.1363636363636363,5,3,2.0,2.3181818181818183,3,3,1,1,1.0,1.0,0.5454545454545454,33.0
462,3.0,1,1,1,4,0,2.0,0.0,0.5,0.0,5,4,1.0,2.25,1,1,0,1,0.5,1.0,0.5,7.0
463,2.0,1,1,1,1,0,2.0,0.0,0.7272727272727273,0.1818181818181818,5,4,1.0,2.409090909090909,3,3,0,1,0.1428571428571428,1.0,0.7272727272727273,4.0
47,2.0,1,1,1,1,0,2.0,0.0,0.7777777777777778,0.2222222222222222,5,3,3.0,2.333333333333333,2,2,0,1,0.0,1.0,0.7777777777777778,4.0
470,3.0,1,2,1,0,10,2.0,0.0,0.6538461538461539,0.1538461538461538,5,3,3.0,2.076923076923077,3,3,1,1,0.0,1.0,0.6538461538461539,13.0
471,3.0,1,3,1,0,30,2.0,0.0,0.25,0.1666666666666666,5,2,3.0,2.5,2,2,1,1,0.0,1.0,0.25,33.0
472,1.0,1,2,1,0,45,2.0,0.0,0.7037037037037037,0.3703703703703703,5,3,3.0,2.962962962962963,3,3,1,1,0.8571428571428571,1.0,0.7037037037037037,48.0
474,3.0,4,3,1,1,30,2.0,0.0,0.8,0.5,5,4,3.0,2.0,2,2,1,1,0.0,1.0,0.8,34.0
48,2.0,1,1,1,2,30,1.0,0.0,0.6666666666666666,0.4444444444444444,5,3,2.0,2.4444444444444446,2,2,1,1,0.0,1.0,0.6666666666666666,34.0
480,3.0,5,2,1,20,30,2.0,0.0,1.0,0.2,5,4,2.0,2.0,1,1,0,1,1.0,1.0,1.0,53.0
49,2.0,1,1,1,2,0,2.0,0.0,0.7142857142857143,0.2857142857142857,5,4,3.0,2.2857142857142856,2,2,0,1,0.0,1.0,0.7142857142857143,5.0
497,3.0,1,2,1,0,45,2.0,0.0,0.5918367346938775,0.3877551020408163,5,3,3.0,3.020408163265306,3,3,0,1,0.5,1.0,0.5918367346938775,48.0
5,3.0,1,1,2,2,30,2.0,0.0,0.5,0.5,1,3,1.0,2.0,1,1,1,1,0.0,1.0,0.5,36.0
50,3.0,1,1,2,2,0,2.0,0.0,1.0,0.0,5,2,3.0,2.0,1,1,0,1,0.0,1.0,1.0,6.0
51,3.0,1,1,1,0,30,2.0,0.0,0.3333333333333333,0.3333333333333333,5,2,1.0,2.333333333333333,1,1,0,1,0.0,1.0,0.3333333333333333,33.0
52,2.0,1,2,1,0,15,2.0,0.0,0.6521739130434783,0.3043478260869565,5,3,3.0,2.630434782608696,3,3,0,1,0.1428571428571428,1.0,0.6521739130434783,18.0
522,2.0,5,2,1,1,0,2.0,0.0,0.4761904761904761,0.3809523809523809,5,4,3.0,2.523809523809524,3,3,2,1,0.5,1.0,0.4761904761904761,4.0
53,3.0,5,2,1,0,10,2.0,0.0,0.5714285714285714,0.4285714285714285,5,4,1.0,2.2857142857142856,2,2,0,1,0.8,1.0,0.5714285714285714,13.0
536,1.0,5,2,1,1,0,2.0,0.0,0.6666666666666666,0.3809523809523809,5,4,3.0,2.738095238095238,4,3,2,1,0.2,0.75,0.6666666666666666,4.0
54,3.0,1,1,1,1,50,2.0,0.0,0.5555555555555556,0.2222222222222222,5,3,2.0,2.333333333333333,2,2,1,1,0.6666666666666666,1.0,0.5555555555555556,54.0
55,3.0,3,2,4,0,20,2.0,0.0,0.6666666666666666,0.0,5,4,2.0,2.1666666666666665,2,2,1,1,0.5714285714285714,1.0,0.6666666666666666,26.0
56,1.0,2,1,1,2,0,2.0,0.0,0.6666666666666666,0.3939393939393939,5,3,2.0,2.4242424242424243,4,3,3,1,0.0,0.75,0.6666666666666666,5.0
57,2.0,1,1,1,1,15,2.0,0.0,0.7142857142857143,0.4285714285714285,5,3,2.0,2.2857142857142856,2,2,1,1,0.6666666666666666,1.0,0.7142857142857143,19.0
58,1.0,3,1,1,1,0,2.0,0.0,0.68,0.3,5,3,3.0,2.66,4,4,3,1,0.0,1.0,0.68,4.0
59,3.0,3,1,1,0,30,2.0,1.0,0.68,0.3,5,3,2.0,2.16,4,4,4,1,0.6666666666666666,1.0,0.68,34.0
60,3.0,1,1,1,2,0,2.0,0.0,0.6666666666666666,0.1666666666666666,5,4,1.0,2.333333333333333,2,2,0,1,0.0,1.0,0.6666666666666666,5.0
61,3.0,1,1,1,1,0,2.0,0.0,0.7777777777777778,0.0,5,4,1.0,2.111111111111111,2,2,1,1,0.2857142857142857,1.0,0.7777777777777778,4.0
62,3.0,3,1,1,2,0,2.0,0.0,0.3333333333333333,0.3333333333333333,5,4,3.0,2.333333333333333,1,1,0,1,1.0,1.0,0.3333333333333333,5.0
64,3.0,3,1,1,1,0,2.0,0.0,0.6666666666666666,0.0,5,2,3.0,2.6666666666666665,1,1,0,1,0.0,1.0,0.6666666666666666,4.0
66,3.0,1,1,1,0,30,2.0,0.0,0.1428571428571428,0.1428571428571428,5,4,1.0,2.2857142857142856,2,2,1,1,0.5,1.0,0.1428571428571428,33.0
67,3.0,3,1,1,1,0,2.0,1.0,0.5,0.5,4,2,2.0,2.5,1,1,0,1,0.0,1.0,0.5,5.0
68,3.0,3,1,1,1,30,2.0,0.0,0.5897435897435898,0.4358974358974359,5,4,2.0,2.25,4,3,3,1,0.8333333333333334,0.75,0.5897435897435898,34.0
69,3.0,1,1,1,1,0,2.0,0.0,1.0,0.2,5,4,1.0,2.2,1,1,0,1,0.8,1.0,1.0,4.0
7,3.0,1,1,1,3,30,2.0,0.0,1.0,0.5,5,4,1.0,2.25,1,1,1,1,0.0,1.0,1.0,36.0
70,2.0,1,1,1,1,0,2.0,1.0,0.6470588235294118,0.3529411764705882,5,4,2.0,2.235294117647059,2,2,1,1,0.8,1.0,0.6470588235294118,5.0
72,2.0,3,1,2,1,30,2.0,0.0,0.75,0.0,5,3,1.0,2.25,1,1,1,1,0.75,1.0,0.75,35.0
73,3.0,1,1,1,1,0,2.0,0.0,1.0,0.0,5,4,1.0,2.333333333333333,1,1,0,1,1.0,1.0,1.0,4.0
76,3.0,3,1,1,0,30,2.0,0.0,0.5,0.25,5,2,2.0,2.0,1,1,0,1,0.0,1.0,0.5,33.0
77,3.0,1,1,1,2,0,2.0,0.0,0.5,0.0,5,4,1.0,2.25,1,1,0,1,0.25,1.0,0.5,5.0
78,3.0,1,1,1,0,15,2.0,0.0,0.75,0.125,5,4,2.0,2.25,2,2,0,1,0.6666666666666666,1.0,0.75,18.0
8,3.0,3,1,1,3,0,2.0,0.0,1.0,0.3333333333333333,1,1,2.0,2.333333333333333,1,1,1,1,0.0,1.0,1.0,6.0
80,2.0,5,2,1,0,15,2.0,0.0,1.0,0.1666666666666666,5,4,1.0,2.5,2,2,1,1,0.75,1.0,1.0,18.0
81,3.0,1,1,4,1,15,2.0,0.0,0.4,0.0,5,4,1.0,2.0,1,1,0,1,0.0,1.0,0.4,22.0
82,3.0,5,2,1,0,5,2.0,0.0,0.6666666666666666,0.4583333333333333,5,4,3.0,2.333333333333333,3,3,1,1,0.0,1.0,0.6666666666666666,8.0
83,1.0,3,2,1,0,15,2.0,0.0,0.56,0.36,5,4,2.0,2.7,4,4,2,1,0.4,1.0,0.56,18.0
84,3.0,1,2,1,0,15,2.0,0.0,0.75,0.0,5,4,2.0,2.25,2,2,0,1,0.0,1.0,0.75,18.0
85,3.0,1,1,1,1,0,2.0,0.0,0.75,0.25,5,2,2.0,2.5,1,1,0,1,0.25,1.0,0.75,4.0
86,3.0,5,2,1,0,15,2.0,0.0,0.5757575757575758,0.3636363636363636,5,4,3.0,2.6666666666666665,3,3,2,1,0.7142857142857143,1.0,0.5757575757575758,18.0
87,2.0,5,2,4,0,30,2.0,0.0,0.5909090909090909,0.3636363636363636,5,3,1.0,2.3181818181818183,3,3,1,1,0.0,1.0,0.5909090909090909,36.0
88,3.0,1,2,1,0,5,2.0,0.0,0.7,0.34,5,3,3.0,2.84,4,4,4,1,0.125,1.0,0.7,8.0
89,2.0,5,2,1,0,5,2.0,0.0,0.6470588235294118,0.2941176470588235,5,4,2.0,2.235294117647059,2,2,1,1,0.0,1.0,0.6470588235294118,8.0
9,3.0,1,1,2,6,0,2.0,1.0,0.5,0.0,1,4,2.0,2.0,1,1,1,1,0.0,1.0,0.5,11.0
90,2.0,1,2,1,0,15,2.0,0.0,0.5714285714285714,0.1428571428571428,5,4,3.0,2.333333333333333,3,3,0,1,0.1428571428571428,1.0,0.5714285714285714,18.0
91,3.0,1,2,4,2,0,2.0,0.0,0.5454545454545454,0.0,5,4,3.0,2.090909090909091,2,2,1,1,0.8333333333333334,1.0,0.5454545454545454,8.0
92,1.0,3,2,1,0,30,2.0,0.0,0.46,0.46,5,4,3.0,3.16,4,4,4,1,0.5555555555555556,1.0,0.46,33.0
93,3.0,1,2,1,0,20,2.0,0.0,0.5,0.5,4,2,2.0,2.5,1,1,1,1,1.0,1.0,0.5,23.0
94,3.0,3,2,1,0,5,2.0,0.0,0.75,0.625,5,4,2.0,2.625,2,2,1,1,0.3333333333333333,1.0,0.75,8.0
95,1.0,1,3,1,0,5,2.0,1.0,0.52,0.36,5,4,2.0,2.66,4,4,2,1,1.0,1.0,0.52,9.0
96,3.0,5,2,4,0,10,2.0,0.0,1.0,0.2,5,4,2.0,2.2,1,1,0,1,0.0,1.0,1.0,16.0
97,3.0,1,1,1,0,30,2.0,1.0,0.6,0.2,5,4,2.0,2.2,1,1,0,1,0.75,1.0,0.6,34.0
98,3.0,3,1,1,3,0,2.0,0.0,0.6666666666666666,0.6666666666666666,5,4,1.0,2.1666666666666665,2,2,0,1,1.0,1.0,0.6666666666666666,6.0
99,2.0,1,1,1,3,0,2.0,1.0,0.625,0.125,5,4,2.0,2.3125,2,2,1,1,0.3333333333333333,1.0,0.625,7.0
