"country","facility_id","weight","vig_weight","abs_weight"
"TANZANIA","1",0.109183587133884,0.00969085097312927,0.0321547538042068
"TANZANIA","10",0.657551825046539,0.1167251765728,0.193650141358376
"TANZANIA","100",0.71754777431488,0.191063016653061,0.23245096206665
"TANZANIA","101",0.866629421710968,0.1538395434618,0.255223870277405
"TANZANIA","102",1.24582946300507,0.331729739904404,0.476968586444855
"TANZANIA","103",0.243840396404266,0.0216426383703947,0.0718114152550697
"TANZANIA","104",0.243840396404266,0.0432852767407894,0.0718114152550697
"TANZANIA","105",0.30716073513031,0.0272627864032984,0.0904593616724014
"TANZANIA","106",0.453438580036163,0.321968227624893,0.360553801059723
"TANZANIA","107",0.140636786818504,0.0249651093035936,0.0414177775382996
"TANZANIA","108",0.194127485156059,0.0344604998826981,0.182946816086769
"TANZANIA","11",0.181520029902458,0.0161112453788519,0.053457960486412
"TANZANIA","110",0.240850880742073,0.0320659466087818,0.070931002497673
"TANZANIA","111",0.251862823963165,0.0223546884953976,0.0741740316152573
"TANZANIA","112",0.123437814414501,0.0219120383262634,0.0363526493310928
"TANZANIA","113",0.0978674739599228,0.00868646241724491,0.0288221389055252
"TANZANIA","114",0.138006746768951,0.012249119579792,0.0406432263553143
"TANZANIA","115",1.08752453327179,0.386103391647339,0.448388993740082
"TANZANIA","116",0.213595077395439,0.0758325681090355,0.0629041194915771
"TANZANIA","117",1.42314505577087,0.252629309892654,1.96985769271851
"TANZANIA","118",0.230809763073921,0.0204860735684633,0.0679738745093346
"TANZANIA","12",0.181520029902458,0.0161112453788519,0.053457960486412
"TANZANIA","120",0.446361809968948,,
"TANZANIA","121",0.0992815569043159,0.00881197210401297,0.0292385891079903
"TANZANIA","122",0.127036944031715,0.0225509367883205,0.0374125987291336
"TANZANIA","123",0.10494202375412,0.0186287611722946,0.0309056062251329
"TANZANIA","124",0.144192680716515,0.012798166833818,0.0424649938941002
"TANZANIA","125",0.115575551986694,0.0102581847459078,0.0340371988713741
"TANZANIA","126",0.355597913265228,0.0315619446337223,0.104724198579788
"TANZANIA","128",0.0556138567626476,0.00987228192389011,0.0163783766329288
"TANZANIA","129",0.12473475933075,0.0332133956253529,0.0367345996201038
"TANZANIA","13",0.181520029902458,0.0161112453788519,0.053457960486412
"TANZANIA","130",0.355597913265228,0.0631238892674446,0.104724198579788
"TANZANIA","131",0.399392426013947,0.106347091495991,0.152908280491829
"TANZANIA","132",0.719531416893005,0.095795601606369,0.254283905029297
"TANZANIA","133",0.532015800476074,0.141661018133163,0.156679570674896
"TANZANIA","135",0.310336589813232,0.137723341584206,0.127952516078949
"TANZANIA","136",0.460049867630005,0.122498482465744,0.135485485196114
"TANZANIA","138",1.969153881073,1.04866182804108,1.44979798793793
"TANZANIA","139",0.577722787857056,0.102554343640804,0.170140355825424
"TANZANIA","140",0.290621042251587,0.0386921502649784,0.0855883955955505
"TANZANIA","142",0.945343852043152,0.251718789339066,0.278405398130417
"TANZANIA","143",0.532015800476074,0.188881352543831,0.156679570674896
"TANZANIA","145",4.84442710876465,2.14989376068115,2.99605321884155
"TANZANIA","146",1.78059494495392,0.316081941127777,0.524388253688812
"TANZANIA","147",0.439419746398926,0.078003503382206,0.129409864544868
"TANZANIA","148",0.986625909805298,2.62711048126221,2.61506700515747
"TANZANIA","149",1.58544492721558,2.34533262252808,2.33458113670349
"TANZANIA","15",0.181520029902458,0.0322224907577038,0.053457960486412
"TANZANIA","150",1.89727020263672,0.168396756052971,0.558749318122864
"TANZANIA","151",1.22314202785492,0.325688689947128,0.720434844493866
"TANZANIA","152",1.87805604934692,9.334716796875,21.6811561584473
"TANZANIA","153",1.00175905227661,0.266740560531616,0.354023724794388
"TANZANIA","154",1.71266102790833,86.798469543457,28.8001899719238
"TANZANIA","156",3.31170964241028,9.21008110046387,9.16785907745361
"TANZANIA","157",0.310336589813232,0.0275446679443121,0.0913946628570557
"TANZANIA","159",0.750817120075226,0.233242005109787,0.663350820541382
"TANZANIA","160",4.28000259399414,3.03905510902405,2.77303004264832
"TANZANIA","17",0.181520029902458,0.0322224907577038,0.053457960486412
"TANZANIA","170",0.310336589813232,0.0826340019702911,0.118813052773476
"TANZANIA","171",0.268627554178238,0.0715280473232269,0.0870224088430405
"TANZANIA","172",0.532015800476074,0.0944406762719154,0.156679570674896
"TANZANIA","174",0.700241982936859,0.186454966664314,0.288711458444595
"TANZANIA","175",2.69663500785828,0.71803891658783,0.794163644313812
"TANZANIA","176",0.519242644309998,1.32114994525909,1.31509351730347
"TANZANIA","177",0.312887609004974,0.0555421784520149,0.110575132071972
"TANZANIA","178",0.312887609004974,0.0555421784520149,0.147433504462242
"TANZANIA","18",0.254843592643738,0.0452385060489178,0.075051873922348
"TANZANIA","180",2.69674944877625,6.34294652938843,4.2092456817627
"TANZANIA","181",0.776022791862488,0.275511056184769,0.548496127128601
"TANZANIA","185",0.634798467159271,1.22076630592346,1.2151700258255
"TANZANIA","188",0.688188374042511,0.122163616120815,0.2026726603508
"TANZANIA","189",0.688188374042511,0.244327232241631,0.364810794591904
"TANZANIA","190",0.418735504150391,4.27407503128052,1.41816079616547
"TANZANIA","191",0.289925009012222,0.0514659769833088,0.085383415222168
"TANZANIA","192",0.966649413108826,0.0857972875237465,0.284679919481277
"TANZANIA","194",1.03126502037048,0.183064788579941,0.303709328174591
"TANZANIA","195",1.04180502891541,0.369871616363525,0.828396081924438
"TANZANIA","197",0.76481831073761,0.0678832828998566,0.225240305066109
"TANZANIA","198",0.519242644309998,0.691299378871918,0.47404533624649
"TANZANIA","199",0.76481831073761,0.339416414499283,0.247764348983765
"TANZANIA","2",0.201282903552055,0.0178653467446566,0.0592781603336334
"TANZANIA","20",0.990366578102112,0.0879023596644402,0.291664659976959
"TANZANIA","200",0.776022791862488,2.41072177886963,1.59978032112122
"TANZANIA","201",0.7176313996315,0.127390190958977,0.211343675851822
"TANZANIA","204",1.12719881534576,0.30014169216156,1.22825932502747
"TANZANIA","205",0.805266618728638,0.0714733675122261,0.23715241253376
"TANZANIA","206",0.619020164012909,0.109885238111019,0.182302504777908
"TANZANIA","207",0.742586135864258,0.26364004611969,0.306170046329498
"TANZANIA","208",0.693878471851349,0.0923802703619003,0.449566513299942
"TANZANIA","209",2.14872479438782,0.572145640850067,0.63280314207077
"TANZANIA","21",0.478452324867249,0.0424661822617054,0.140905037522316
"TANZANIA","210",2.14872479438782,0.381430447101593,0.63280314207077
"TANZANIA","211",2.33014345169067,7.23861026763916,4.80361890792847
"TANZANIA","212",2.33014345169067,0.579088926315308,3.08804035186768
"TANZANIA","213",0.691018462181091,0.0613330006599426,0.203506126999855
"TANZANIA","214",4.00271797180176,,
"TANZANIA","215",4.49344968795776,1.06353843212128,2.91132307052612
"TANZANIA","217",3.98131442070007,1.17790365219116,3.86926293373108
"TANZANIA","218",0.933623254299164,0.41432985663414,0.302449017763138
"TANZANIA","219",0.781047821044922,0.0693237707018852,0.230019927024841
"TANZANIA","22",1.46316277980804,3.89599561691284,5.17084741592407
"TANZANIA","220",0.533377110958099,0.047341164201498,0.17278853058815
"TANZANIA","221",0.418735504150391,0.185829371213913,0.135650157928467
"TANZANIA","222",4.73371028900146,1.68060719966888,1.67290306091309
"TANZANIA","223",0.462135910987854,0.123053938150406,0.136099815368652
"TANZANIA","224",4.44884252548218,0.789735376834869,2.48936438560486
"TANZANIA","225",2.08651852607727,0.925969779491425,1.41331160068512
"TANZANIA","226",3.35290026664734,0.595189392566681,1.77738273143768
"TANZANIA","227",3.98040723800659,1.05987179279327,2.34447360038757
"TANZANIA","23",0.16567000746727,0.0147044388577342,0.0487901009619236
"TANZANIA","230",1.96536004543304,7.84981060028076,5.2092170715332
"TANZANIA","231",0.71524316072464,4.57985401153564,10.637336730957
"TANZANIA","232",0.533377110958099,0.0946823284029961,0.157080471515656
"TANZANIA","233",0.533377110958099,0.0946823284029961,0.157080471515656
"TANZANIA","234",0.533377110958099,0.047341164201498,0.157080471515656
"TANZANIA","237",0.418735504150391,0.0743317455053329,0.123318329453468
"TANZANIA","238",2.14872479438782,0.190715223550797,0.63280314207077
"TANZANIA","24",0.967037737369537,0.128747627139091,0.284794270992279
"TANZANIA","240",0.276679217815399,0.024557325989008,0.081482507288456
"TANZANIA","242",0.461461991071701,0.122874490916729,0.135901346802711
"TANZANIA","243",1.05709767341614,0.187650471925735,0.311317086219788
"TANZANIA","244",0.422493129968643,0.112498171627522,0.124424956738949
"TANZANIA","245",0.560433387756348,0.0994852185249329,0.165048599243164
"TANZANIA","246",0.863780915737152,0.0766669437289238,0.254384964704514
"TANZANIA","248",0.625971257686615,0.111119158565998,0.184349611401558
"TANZANIA","249",0.0844730213284492,0.0149952108040452,0.0248774494975805
"TANZANIA","25",0.227179974317551,0.0201639030128717,0.0669048950076103
"TANZANIA","250",0.137443885207176,0.0121991615742445,0.0404774621129036
"TANZANIA","251",0.567156136035919,1.62763738632202,1.62017607688904
"TANZANIA","252",0.33081990480423,0.0587254278361797,0.126655131578445
"TANZANIA","253",0.0852330774068832,0.00756506575271487,0.0251012872904539
"TANZANIA","254",0.514176785945892,0.182547971606255,0.74198704957962
"TANZANIA","255",0.797166228294373,0.0707544013857841,0.469533652067184
"TANZANIA","256",0.566347062587738,0.100534982979298,0.166790187358856
"TANZANIA","257",0.653710544109344,0.0580216459929943,0.192518875002861
"TANZANIA","259",0.835448622703552,0.0741522461175919,0.246041059494019
"TANZANIA","26",0.138996139168739,0.0123369349166751,0.0409346036612988
"TANZANIA","260",0.0887735560536385,0.0157586187124252,0.0261439643800259
"TANZANIA","261",0.121374987065792,0.0161593910306692,0.0357451438903809
"TANZANIA","263",0.0975221991539001,0.00865581631660461,0.0287204552441835
"TANZANIA","264",0.0776881650090218,0.0103430990129709,0.0228792987763882
"TANZANIA","265",0.377321660518646,0.0334900878369808,0.111121878027916
"TANZANIA","266",0.774248242378235,8.72747230529785,2.89582133293152
"TANZANIA","267",0.204814925789833,0.0181788392364979,0.0603183470666409
"TANZANIA","268",0.204814925789833,0.0363576784729958,0.120636694133282
"TANZANIA","269",0.434736460447311,0.424446851015091,0.320076584815979
"TANZANIA","270",0.18022908270359,0.0479899905622005,0.0530777759850025
"TANZANIA","271",0.252190858125687,0.0447676070034504,0.0742706432938576
"TANZANIA","272",0.783800840377808,0.139136239886284,0.230830699205399
"TANZANIA","273",0.506074368953705,0.0561473034322262,0.611063003540039
"TANZANIA","274",0.715199649333954,0.0952188894152641,0.210627526044846
"TANZANIA","276",0.356462121009827,0.0316386483609676,0.136472314596176
"TANZANIA","277",0.338150858879089,0.0300133898854256,0.099586009979248
"TANZANIA","278",0.765082359313965,5.50044441223145,5.47522926330566
"TANZANIA","279",0.081768162548542,0.021772587671876,0.024080865085125
"TANZANIA","28",0.300544738769531,0.0266755688935518,0.0885109454393387
"TANZANIA","280",0.426230728626251,1.5132452249527,1.00420546531677
"TANZANIA","281",0.11958659440279,0.021228389814496,0.035218458622694
"TANZANIA","282",0.0514917299151421,0.00457027181982994,0.015164403244853
"TANZANIA","284",0.399086833000183,0.0354219079017639,0.117531761527061
"TANZANIA","285",1.35064315795898,11.7481966018677,3.89811372756958
"TANZANIA","286",0.209261760115623,0.0185735281556845,0.0616279505193233
"TANZANIA","288",0.30914494395256,0.0548777990043163,0.0910437181591988
"TANZANIA","289",0.459395974874496,0.0407747887074947,0.135292902588844
"TANZANIA","29",0.823538482189178,0.146190255880356,0.242533504962921
"TANZANIA","290",1.03212094306946,0.183216735720634,0.303961396217346
"TANZANIA","291",0.146054551005363,0.0259268432855606,0.0430133156478405
"TANZANIA","292",0.231329575181007,0.0410644225776196,0.0681269615888596
"TANZANIA","293",0.23891481757164,0.0212054569274187,0.0703608244657516
"TANZANIA","294",0.107498221099377,0.0572475716471672,0.145628690719604
"TANZANIA","296",0.252936720848084,0.044900007545948,0.0744903013110161
"TANZANIA","297",0.310456812381744,0.027555339038372,0.0914300680160522
"TANZANIA","298",0.295419931411743,0.0524414069950581,0.0870016813278198
"TANZANIA","299",0.1524268835783,0.0135290129110217,0.0448899790644646
"TANZANIA","3",0.893750727176666,0.158653974533081,0.263211131095886
"TANZANIA","300",0.310330718755722,0.0826324373483658,0.109671518206596
"TANZANIA","301",0.547778367996216,3.11164045333862,3.09737586975098
"TANZANIA","303",1.40417790412903,6.56390857696533,6.53381824493408
"TANZANIA","304",0.271886587142944,0.0241319462656975,0.0800710693001747
"TANZANIA","305",0.190192177891731,0.0168809629976749,0.0560119226574898
"TANZANIA","306",0.665231168270111,0.0590441860258579,0.195911720395088
"TANZANIA","307",0.363893687725067,0.0645965114235878,0.107167318463326
"TANZANIA","31",0.141358017921448,0.012546569108963,0.0416301786899567
"TANZANIA","310",1.06745827198029,0.142117217183113,0.314368307590485
"TANZANIA","311",0.769445061683655,0.478057593107224,0.861091017723084
"TANZANIA","312",0.228301540017128,0.0405269004404545,0.0672351941466331
"TANZANIA","314",0.105035699903965,0.00932269543409348,0.0309331938624382
"TANZANIA","315",0.899139821529388,0.159610614180565,0.264798223972321
"TANZANIA","316",0.104059711098671,0.0184721387922764,0.0306457635015249
"TANZANIA","317",0.313385844230652,0.055630624294281,0.0922926738858223
"TANZANIA","318",0.280945360660553,0.0498719587922096,0.0827388912439346
"TANZANIA","319",0.191789701581001,0.03404550999403,0.112964794039726
"TANZANIA","32",0.198807373642921,0.0529368743300438,0.0585491135716438
"TANZANIA","320",0.67623233795166,2.70092797279358,1.7923641204834
"TANZANIA","321",0.425216376781464,0.0754821971058846,0.175317734479904
"TANZANIA","322",0.25678077340126,0.0683735758066177,0.143682524561882
"TANZANIA","323",0.25678077340126,0.0455823838710785,0.0756223797798157
"TANZANIA","324",0.385495781898499,0.0342156030237675,0.113529168069363
"TANZANIA","325",0.542607545852661,0.0963208675384521,0.191758632659912
"TANZANIA","326",0.385495781898499,0.0684312060475349,0.113529168069363
"TANZANIA","327",0.311596244573593,0.571567118167877,0.568946897983551
"TANZANIA","329",0.167260110378265,0.044536717236042,0.0640359073877335
"TANZANIA","33",0.585994303226471,0.104022659361362,0.17257633805275
"TANZANIA","330",0.134471997618675,0.0119353840127587,0.0396022349596024
"TANZANIA","331",0.228140771389008,0.040498360991478,0.0671878531575203
"TANZANIA","332",0.177629321813583,0.0157659165561199,0.0523121394217014
"TANZANIA","333",0.177629321813583,0.0157659165561199,0.0523121394217014
"TANZANIA","334",0.625363528728485,0.249775364995003,0.368341267108917
"TANZANIA","335",0.328888744115829,0.145956546068192,0.0968583002686501
"TANZANIA","336",0.328888744115829,0.0875739231705666,0.0968583002686501
"TANZANIA","337",0.518874168395996,0.0460539199411869,0.152809336781502
"TANZANIA","338",0.278102934360504,0.0246836915612221,0.0819017961621284
"TANZANIA","339",0.197160810232162,0.437487035989761,0.435481488704681
"TANZANIA","34",0.118544273078442,0.0157825220376253,0.0349114909768105
"TANZANIA","340",0.701262354850769,0.124484442174435,0.516307413578033
"TANZANIA","341",0.348087310791016,0.108133628964424,0.492059111595154
"TANZANIA","342",0.197160810232162,0.909972965717316,0.301933825016022
"TANZANIA","343",1.39242553710938,0.370764195919037,0.410071730613709
"TANZANIA","344",1.3864483833313,0.24611508846283,0.408311426639557
"TANZANIA","346",0.552187144756317,0.147032082080841,0.243930101394653
"TANZANIA","347",0.552187144756317,0.049010694026947,0.162620067596436
"TANZANIA","348",0.552187144756317,0.049010694026947,0.162620067596436
"TANZANIA","349",0.771841704845428,0.13701331615448,0.227308705449104
"TANZANIA","35",0.1558877825737,0.0138361938297749,0.045909222215414
"TANZANIA","350",0.45524463057518,0.0404063276946545,0.134070321917534
"TANZANIA","352",0.331564098596573,0.0588575303554535,0.0976461991667748
"TANZANIA","353",0.185399904847145,0.0329112261533737,0.0546005927026272
"TANZANIA","354",0.552631735801697,0.343351066112518,0.162751004099846
"TANZANIA","355",0.25460821390152,0.0225983615964651,0.0749825537204742
"TANZANIA","356",0.244684353470802,0.0434350930154324,0.0720599666237831
"TANZANIA","357",1.09271633625031,0.387946635484695,0.321806848049164
"TANZANIA","358",0.532330751419067,0.0944965854287148,0.156772315502167
"TANZANIA","359",0.530842125415802,0.0942323282361031,0.156333923339844
"TANZANIA","36",0.907782316207886,0.2417171895504,0.267343461513519
"TANZANIA","360",0.624693870544434,0.110892400145531,0.183973416686058
"TANZANIA","361",0.481678009033203,0.0855049714446068,0.141855001449585
"TANZANIA","362",0.133126467466354,0.0354478769004345,0.0784119442105293
"TANZANIA","363",0.125275701284409,0.022238289937377,0.0368939079344273
"TANZANIA","364",1.11929404735565,0.198691248893738,0.329634010791779
"TANZANIA","365",0.0986558943986893,0.00875644013285637,0.0290543306618929
"TANZANIA","366",0.25201153755188,0.04473577439785,0.0742178335785866
"TANZANIA","367",0.309475868940353,0.0824048146605492,0.0911411792039871
"TANZANIA","368",0.778876841068268,0.207393243908882,0.27525669336319
"TANZANIA","369",0.500374257564545,0.2664715051651,0.162097185850143
"TANZANIA","37",0.250893324613571,0.0445372760295868,0.0738885179162025
"TANZANIA","370",0.277311384677887,0.0984537452459335,0.102085843682289
"TANZANIA","371",0.265217006206512,0.0470799431204796,0.117160297930241
"TANZANIA","372",0.265217006206512,0.0941598862409592,0.085917554795742
"TANZANIA","373",0.379881858825684,0.0842933133244514,0.201376542448998
"TANZANIA","375",1.49042415618896,0.132286161184311,0.570612192153931
"TANZANIA","376",0.183632746338844,0.0244481470435858,0.0540801584720612
"TANZANIA","377",0.183632746338844,0.0244481470435858,0.135200396180153
"TANZANIA","378",0.265217006206512,0.0235399715602398,0.0781068652868271
"TANZANIA","379",0.933540523052216,0.644456028938293,1.92450499534607
"TANZANIA","38",0.212532058358192,0.0565913766622543,0.062591053545475
"TANZANIA","380",1.25842988491058,0.167542442679405,0.481792688369751
"TANZANIA","381",0.749005198478699,0.199439257383347,0.352933317422867
"TANZANIA","382",0.784326434135437,0.417688637971878,0.4850694835186
"TANZANIA","383",0.101845920085907,0.0361583158373833,0.0359925590455532
"TANZANIA","384",1.11874520778656,4.96484565734863,3.29472374916077
"TANZANIA","385",0.672591626644135,0.179092437028885,0.198079392313957
"TANZANIA","386",0.462082326412201,0.082026444375515,0.136084035038948
"TANZANIA","387",0.231741651892662,0.0411375723779202,0.0682483166456223
"TANZANIA","388",0.218658700585365,0.038815151900053,0.0643953606486321
"TANZANIA","389",0.462082326412201,0.082026444375515,0.217734470963478
"TANZANIA","39",0.111413657665253,0.00988878589123487,0.0328115150332451
"TANZANIA","390",1.16097211837769,0.927403748035431,0.581244051456451
"TANZANIA","391",1.47815847396851,0.262394994497299,0.435320228338242
"TANZANIA","392",0.226083397865295,0.020066574215889,0.0665819495916367
"TANZANIA","393",0.431882083415985,0.076665461063385,0.12719002366066
"TANZANIA","395",0.717466711997986,0.0955207124352455,0.211295187473297
"TANZANIA","396",0.232008621096611,0.0411849617958069,0.068326935172081
"TANZANIA","397",0.559635400772095,0.0993435606360435,0.164813593029976
"TANZANIA","398",0.838431775569916,0.148834034800529,0.246919602155685
"TANZANIA","399",1.55363571643829,0.137896656990051,0.457548379898071
"TANZANIA","4",0.49730858206749,0.044139813631773,0.146458238363266
"TANZANIA","40",0.178815707564354,0.0317424312233925,0.0526615343987942
"TANZANIA","400",0.723801255226135,0.0642427131533623,0.213160708546638
"TANZANIA","401",1.46128273010254,0.518798589706421,0.602490365505219
"TANZANIA","402",0.257298588752747,0.045674305409193,0.0757748782634735
"TANZANIA","403",0.257298588752747,0.137022912502289,0.151549756526947
"TANZANIA","404",0.93789142370224,0.083244800567627,0.276210635900497
"TANZANIA","405",0.30549156665802,0.0271146353334188,0.0899677947163582
"TANZANIA","406",0.284634411334991,0.0252634081989527,0.0838253274559975
"TANZANIA","407",0.838431775569916,0.372085094451904,0.246919602155685
"TANZANIA","408",0.221609681844711,0.0393389947712421,0.0652644336223602
"TANZANIA","409",1.64534437656403,6.790696144104,4.50637769699097
"TANZANIA","41",0.236699968576431,0.0630266219377518,0.0697085484862328
"TANZANIA","410",0.1545030772686,0.0274265818297863,0.091002844274044
"TANZANIA","411",0.1545030772686,0.0205699354410172,0.045501422137022
"TANZANIA","412",0.222248241305351,0.019726175814867,0.0654524862766266
"TANZANIA","413",0.222248241305351,0.0591785237193108,0.0654524862766266
"TANZANIA","414",0.182677626609802,0.0648559629917145,0.0537988767027855
"TANZANIA","415",0.288008034229279,0.0766885280609131,0.0848188623785973
"TANZANIA","416",0.585643708705902,0.155940636992455,0.172473087906837
"TANZANIA","417",0.585643708705902,0.103960417211056,0.224215000867844
"TANZANIA","418",0.571272432804108,0.15211395919323,0.168240711092949
"TANZANIA","419",0.206367373466492,0.0366332605481148,0.0607755482196808
"TANZANIA","42",0.118544273078442,0.010521681047976,0.0349114909768105
"TANZANIA","420",0.335598140954971,,0.0988342314958572
"TANZANIA","421",0.296566098928452,0.0526448674499989,0.0873392298817635
"TANZANIA","422",0.163200184702873,0.0289704464375973,0.0480627343058586
"TANZANIA","423",1.77553343772888,5.75209808349609,7.63430547714233
"TANZANIA","424",0.328648179769516,0.0875098705291748,0.0967874526977539
"TANZANIA","425",0.601808130741119,0.106829844415188,0.301296979188919
"TANZANIA","426",0.920641779899597,0.122570648789406,0.271130591630936
"TANZANIA","427",0.42801371216774,0.0759787634015083,0.126050770282745
"TANZANIA","428",0.845380485057831,2.80126070976257,2.78841924667358
"TANZANIA","429",2.20119786262512,0.26049679517746,2.07442092895508
"TANZANIA","43",0.110204443335533,0.00978145934641361,0.0324553996324539
"TANZANIA","430",1.1603901386261,0.308979630470276,0.341736882925034
"TANZANIA","431",0.317294210195541,0.028162207454443,0.0934436917304993
"TANZANIA","432",0.763418078422546,0.203277006745338,0.224827945232391
"TANZANIA","434",0.711404383182526,0.126284807920456,0.209509819746017
"TANZANIA","435",0.699656426906586,0.186299040913582,0.206050023436546
"TANZANIA","436",2.79914259910584,0.745333850383759,0.824352324008942
"TANZANIA","437",0.619481325149536,0.164950653910637,0.182438313961029
"TANZANIA","438",0.477514535188675,0.12714883685112,0.140628859400749
"TANZANIA","439",0.825555860996246,0.219822570681572,0.243127629160881
"TANZANIA","44",0.027040209621191,0.00480003701522946,0.00796338822692633
"TANZANIA","440",1.36707961559296,0.485353708267212,0.764953851699829
"TANZANIA","441",0.825555860996246,0.219822570681572,0.243127629160881
"TANZANIA","442",0.825555860996246,0.293096750974655,0.243127629160881
"TANZANIA","443",2.79914259910584,0.745333850383759,0.824352324008942
"TANZANIA","444",1.50726497173309,1.60537099838257,1.19850873947144
"TANZANIA","445",0.928238689899445,1.81253707408905,0.874777257442474
"TANZANIA","446",0.341999471187592,0.0607099644839764,0.100719429552555
"TANZANIA","447",0.883598923683167,0.0784259364008904,0.260221391916275
"TANZANIA","448",0.883598923683167,0.156851872801781,0.260221391916275
"TANZANIA","449",0.883598923683167,0.156851872801781,0.260221391916275
"TANZANIA","45",0.0804968550801277,0.00714469142258167,0.0237064622342587
"TANZANIA","450",0.568038642406464,0.151252895593643,0.184017196297646
"TANZANIA","451",0.548283755779266,0.0973284766077995,0.161470517516136
"TANZANIA","452",0.899875104427338,0.239611715078354,0.26501476764679
"TANZANIA","453",0.580114245414734,0.102978862822056,0.17084464430809
"TANZANIA","454",0.699656426906586,0.0620996840298176,0.309075027704239
"TANZANIA","455",2.62317728996277,5.82066011428833,3.86265087127686
"TANZANIA","457",0.317294210195541,0.112648829817772,0.0934436917304993
"TANZANIA","458",0.552187144756317,0.30631685256958,0.53664618730545
"TANZANIA","46",0.214160412549973,0.019008319824934,0.063070610165596
"TANZANIA","460",0.670324265956879,0.35697740316391,0.434305638074875
"TANZANIA","462",0.404797285795212,0.0359287522733212,0.119213499128819
"TANZANIA","463",0.92339301109314,0.191235229372978,1.19653964042664
"TANZANIA","47",0.525574266910553,0.0699729025363922,0.15478253364563
"TANZANIA","470",0.276679217815399,0.147343963384628,0.211854502558708
"TANZANIA","471",2.14872479438782,0.381430447101593,0.759363830089569
"TANZANIA","472",1.96536004543304,0.639614164829254,1.56276512145996
"TANZANIA","474",0.688199639320374,0.183248430490494,0.202675983309746
"TANZANIA","48",0.344621747732162,0.0917631834745407,0.101491697132587
"TANZANIA","480",0.310336589813232,0.0275446679443121,0.0913946628570557
"TANZANIA","49",1.07925605773926,0.191583916544914,0.317842781543732
"TANZANIA","497",0.44707390666008,0.297608375549316,0.645153701305389
"TANZANIA","5",0.231873512268066,0.0411609783768654,0.0682871490716934
"TANZANIA","50",0.27957022190094,0.024813923984766,0.0823339149355888
"TANZANIA","51",0.541021585464478,0.144059002399445,0.159331783652306
"TANZANIA","52",0.541021585464478,0.160065561532974,0.732926249504089
"TANZANIA","522",4.84442710876465,2.57987236976624,2.99605321884155
"TANZANIA","53",0.027040209621191,0.00480003701522946,0.00796338822692633
"TANZANIA","536",0.439419746398926,0.312014013528824,0.543521404266357
"TANZANIA","54",0.671928524971008,0.178915873169899,0.197884112596512
"TANZANIA","55",0.541021585464478,0.0480196662247181,0.191198155283928
"TANZANIA","56",1.17464745044708,0.208517298102379,1.14158773422241
"TANZANIA","57",0.752304494380951,0.13354517519474,0.221554964780808
"TANZANIA","58",1.19046652317047,5.56490278244019,5.53939199447632
"TANZANIA","59",1.00030994415283,3.58099126815796,3.56457543373108
"TANZANIA","60",0.214972212910652,0.0190803743898869,0.0633096843957901
"TANZANIA","61",0.279472410678864,0.0248052440583706,0.0823051035404205
"TANZANIA","62",0.279472410678864,0.0248052440583706,0.0823051035404205
"TANZANIA","64",0.144669979810715,0.0256810616701841,0.0426055565476418
"TANZANIA","66",0.222811192274094,0.138432994484901,0.0656182765960693
"TANZANIA","67",0.330560773611069,0.0586794279515743,0.0973507165908813
"TANZANIA","68",1.41236853599548,0.250716298818588,1.62218523025513
"TANZANIA","69",0.325501829385757,0.0288906954228878,0.0958608463406563
"TANZANIA","7",1.10521531105042,0.0980960354208946,0.325487822294235
"TANZANIA","70",0.667380511760712,0.177704870700836,0.334125995635986
"TANZANIA","72",0.600538551807404,0.053302239626646,0.176859632134438
"TANZANIA","73",0.667380511760712,0.0592349544167519,0.196544706821442
"TANZANIA","76",0.704093277454376,0.124986968934536,0.207356676459312
"TANZANIA","77",0.250089377164841,0.0221972819417715,0.0736517533659935
"TANZANIA","78",0.20869742333889,0.0185234397649765,0.0614617504179478
"TANZANIA","8",0.269523561000824,0.0239222086966038,0.0793751552700996
"TANZANIA","80",0.255501121282578,0.0226776134222746,0.0752455219626427
"TANZANIA","81",0.0518520437180996,0.00920450501143932,0.0152705162763596
"TANZANIA","82",0.180400386452675,0.0800593420863152,0.127507746219635
"TANZANIA","83",0.211652278900146,0.629321038722992,0.835248291492462
"TANZANIA","84",0.283917248249054,0.025199756026268,0.0836141183972359
"TANZANIA","85",0.724834442138672,0.128668829798698,0.213464990258217
"TANZANIA","86",0.364075362682343,0.0754002183675766,0.353828698396683
"TANZANIA","87",0.364075362682343,0.0646287649869919,0.235885813832283
"TANZANIA","88",0.145087093114853,1.53672134876251,1.52967667579651
"TANZANIA","89",1.00872576236725,0.134297803044319,0.505021512508392
"TANZANIA","9",0.320720970630646,0.0569327175617218,0.0944528803229332
"TANZANIA","90",0.0518520437180996,0.027613515034318,0.0641361624002457
"TANZANIA","91",0.821178555488586,0.0728856697678566,0.266022354364395
"TANZANIA","92",0.821178555488586,3.60784077644348,4.78840208053589
"TANZANIA","93",0.17844557762146,0.0316767282783985,0.0525525286793709
"TANZANIA","94",0.17844557762146,0.0475150942802429,0.0525525286793709
"TANZANIA","95",4.25941133499146,12.0977363586426,16.0563697814941
"TANZANIA","96",0.95140928030014,0.0844446122646332,0.280191659927368
"TANZANIA","97",0.95140928030014,0.168889224529266,0.280191659927368
"TANZANIA","98",1.09930109977722,0.195142209529877,0.323746055364609
"TANZANIA","99",0.773665070533752,0.137336999177933,0.36455312371254
